Resident_ID#,Tenure(mo),Care_Level,Monthly_Fee$,Room_Type#,Meals_Included_(per_day),Family_Visits/Month,Has_Companion_Pet?,Activity_Participation_%,Emergency_Calls_YTD#,Distance_to_Family_(mi),Satisfaction_Score_(1-10),Est_LTV,Departed?
MSL-00001,23,Skilled Nursing,6143.14,1BR,1,3,No,33,1,42.2,6,164789.35,No
MSL-00002,0,Skilled Nursing,5754.12,Studio,2,2,No,45,3,34.9,7,0.0,No
MSL-00003,31,Independent Living,2528.66,Studio,1,4,No,46,2,65.6,3,113365.78,Yes
MSL-00004,36,Memory Care,6637.52,1BR,2,5,No,26,3,120.3,1,216115.49,No
MSL-00005,81,Memory Care,4687.28,1BR,3,3,No,40,1,10.8,4,282543.9,No
MSL-00006,62,Skilled Nursing,6199.64,Studio,2,2,No,72,1,28.1,3,294882.9,No
MSL-00007,86,Independent Living,2533.02,1BR,2,2,No,23,2,39.1,9,230181.81,No
MSL-00008,68,Memory Care,6104.25,1BR,2,1,No,65,0,29.1,6,326683.66,No
MSL-00009,81,Skilled Nursing,6664.16,2BR,3,1,No,42,1,38.5,6,618096.76,No
MSL-00010,67,Independent Living,2585.77,1BR,1,2,No,18,1,13.4,2,355459.01,Yes
MSL-00011,44,Memory Care,4791.97,Suite,3,1,No,84,0,53.2,2,126652.05,No
MSL-00012,94,Independent Living,2347.96,Suite,2,1,No,25,1,146.3,9,205470.76,Yes
MSL-00013,15,Independent Living,2119.56,Suite,2,4,No,38,2,22.9,6,37534.81,No
MSL-00014,44,Independent Living,2392.99,2BR,3,2,No,41,2,48.8,8,69127.42,No
MSL-00015,83,Independent Living,2534.63,Studio,3,2,No,5,3,87.7,2,272059.99,Yes
MSL-00016,47,Memory Care,5410.84,Suite,2,3,No,88,3,49.3,8,106022.34,No
MSL-00017,88,Independent Living,3012.46,1BR,3,2,No,58,0,115.1,7,316400.84,No
MSL-00018,55,Independent Living,2795.13,Studio,2,2,No,43,1,44.1,2,68946.15,No
MSL-00019,29,Independent Living,2135.29,Studio,2,4,No,90,2,21.2,10,56907.74,Yes
MSL-00020,7,Memory Care,4545.1,Studio,1,4,Yes,4,0,21.7,1,23862.31,No
MSL-00021,3,Memory Care,5317.11,1BR,1,4,Yes,37,3,47.4,9,10889.77,No
MSL-00022,29,Skilled Nursing,5840.12,Suite,2,4,No,1,1,41.6,9,145907.52,No
MSL-00023,26,Independent Living,2588.32,2BR,3,1,No,6,1,115.9,6,64533.01,Yes
MSL-00024,90,Memory Care,5556.38,1BR,3,2,No,45,0,32.6,4,521805.4,No
MSL-00025,34,Independent Living,2654.44,1BR,1,3,No,75,3,18.6,3,107295.29,No
MSL-00026,21,Skilled Nursing,5920.5,Studio,2,1,No,100,1,55.7,3,75563.36,No
MSL-00027,3,Independent Living,2035.41,Studio,3,3,No,3,1,34.1,1,14442.07,No
MSL-00028,46,Memory Care,5725.13,1BR,2,3,No,50,1,32.1,4,167523.52,Yes
MSL-00029,95,Independent Living,2272.46,2BR,3,1,No,48,0,7.7,2,359494.48,Yes
MSL-00030,38,Memory Care,5693.53,Studio,1,5,Yes,66,2,61.1,6,578565.64,No
MSL-00031,2,Independent Living,2311.67,2BR,2,5,No,32,1,19.8,1,8724.89,Yes
MSL-00032,79,Independent Living,2013.51,2BR,2,1,No,86,4,39.3,8,146810.98,No
MSL-00033,77,Independent Living,2275.05,1BR,3,2,No,55,3,36.4,5,250278.35,Yes
MSL-00034,10,Independent Living,2341.34,2BR,2,4,Yes,25,0,29.7,3,30426.38,No
MSL-00035,8,Independent Living,2640.77,2BR,1,4,No,61,0,79.1,5,13769.2,No
MSL-00036,21,Independent Living,2301.51,Suite,2,3,No,1,0,15.6,5,21033.48,Yes
MSL-00037,90,Skilled Nursing,7027.62,Studio,3,4,No,33,1,74.5,10,794952.62,No
MSL-00038,95,Memory Care,5166.24,2BR,3,0,No,34,1,58.4,4,621799.58,No
MSL-00039,37,Memory Care,4950.89,1BR,3,3,No,86,4,71.6,4,169889.11,No
MSL-00040,45,Independent Living,2206.32,1BR,3,6,No,10,1,15.6,3,131219.1,No
MSL-00041,95,Independent Living,2250.25,Suite,3,3,No,94,1,13.0,6,223240.63,Yes
MSL-00042,57,Independent Living,2781.85,1BR,1,2,No,28,2,18.7,6,288505.69,No
MSL-00043,9,Memory Care,5849.59,1BR,3,2,No,71,0,49.2,9,16241.21,No
MSL-00044,12,Independent Living,2619.92,Studio,2,2,Yes,34,1,28.6,1,99129.44,Yes
MSL-00045,10,Independent Living,1975.11,2BR,3,1,Yes,93,2,27.3,3,14934.57,No
MSL-00046,7,Skilled Nursing,6409.86,Studio,3,6,Yes,6,0,54.0,3,31536.55,No
MSL-00047,69,Independent Living,2429.65,2BR,2,2,No,58,2,74.2,7,358697.45,Yes
MSL-00048,65,Memory Care,6106.9,2BR,3,3,No,30,1,28.1,1,260897.95,No
MSL-00049,84,Independent Living,2174.15,2BR,3,3,Yes,49,0,116.6,8,295987.78,No
MSL-00050,28,Skilled Nursing,7193.61,1BR,3,0,No,74,0,106.3,1,415670.15,No
MSL-00051,52,Independent Living,1930.96,2BR,3,1,No,39,3,19.1,2,144397.74,No
MSL-00052,40,Independent Living,2344.91,Studio,2,4,No,67,0,23.2,1,163110.99,No
MSL-00053,44,Independent Living,2865.66,2BR,3,2,No,64,2,52.7,7,184401.99,Yes
MSL-00054,25,Memory Care,4491.91,1BR,3,2,Yes,23,3,14.4,9,147696.02,No
MSL-00055,32,Independent Living,2534.45,2BR,3,0,No,58,1,9.3,5,46953.21,No
MSL-00056,9,Independent Living,2273.91,2BR,3,5,No,4,1,91.0,8,24798.91,Yes
MSL-00057,15,Independent Living,2675.93,1BR,3,1,No,61,0,47.5,9,29560.54,No
MSL-00058,44,Independent Living,2595.66,1BR,2,2,No,40,3,89.5,4,150671.92,No
MSL-00059,73,Skilled Nursing,7320.21,Studio,2,5,No,1,2,44.2,1,475967.41,No
MSL-00060,79,Memory Care,5128.1,Suite,2,2,No,53,0,31.8,6,833697.87,No
MSL-00061,50,Skilled Nursing,6351.12,Studio,3,2,No,57,0,58.8,4,211798.94,No
MSL-00062,89,Skilled Nursing,6700.03,Studio,3,3,No,3,2,25.0,3,712723.53,No
MSL-00063,46,Independent Living,2285.86,2BR,2,2,No,54,0,52.5,9,104952.37,No
MSL-00064,41,Skilled Nursing,7488.92,Studio,2,2,Yes,29,1,121.7,1,587627.47,No
MSL-00065,60,Memory Care,4859.8,1BR,1,2,No,93,4,113.0,6,289468.29,No
MSL-00066,24,Memory Care,5395.01,1BR,1,3,No,63,3,57.6,5,89117.16,Yes
MSL-00067,15,Skilled Nursing,7791.13,1BR,2,1,No,51,2,58.7,10,71528.29,No
MSL-00068,92,Independent Living,2763.9,1BR,3,2,No,40,0,14.7,2,206995.72,Yes
MSL-00069,94,Memory Care,4834.92,1BR,2,1,Yes,18,2,53.2,9,299598.77,No
MSL-00070,54,Independent Living,2065.08,1BR,3,5,No,60,1,92.4,6,153022.11,No
MSL-00071,18,Memory Care,5321.25,1BR,2,7,No,67,2,50.2,4,77595.42,No
MSL-00072,66,Independent Living,2803.64,Studio,1,3,No,77,1,42.2,4,100451.21,Yes
MSL-00073,70,Memory Care,5795.72,Studio,1,4,No,93,1,4.6,10,412953.05,No
MSL-00074,83,Memory Care,4174.39,2BR,2,0,No,33,2,24.5,8,147880.45,No
MSL-00075,2,Memory Care,4850.59,Suite,1,0,No,60,1,41.0,9,16051.71,No
MSL-00076,57,Independent Living,2572.27,Studio,3,3,No,57,3,19.9,6,117794.11,No
MSL-00077,54,Memory Care,5222.97,2BR,2,2,Yes,85,0,3.8,1,582805.31,No
MSL-00078,96,Skilled Nursing,5000.0,Studio,1,1,Yes,99,1,105.8,6,720444.68,No
MSL-00079,80,Skilled Nursing,5643.96,Studio,2,6,No,14,2,17.9,8,428584.86,No
MSL-00080,14,Memory Care,4699.32,Suite,3,1,No,67,2,54.4,3,104236.42,No
MSL-00081,60,Independent Living,2448.77,1BR,2,2,No,54,2,18.6,6,71648.91,No
MSL-00082,92,Independent Living,2293.07,1BR,1,0,No,90,0,13.9,3,190992.66,Yes
MSL-00083,62,Skilled Nursing,6986.73,1BR,1,3,Yes,20,1,8.6,5,416781.04,No
MSL-00084,7,Independent Living,1802.53,Studio,2,0,No,73,3,25.9,9,9770.58,No
MSL-00085,87,Skilled Nursing,6850.1,1BR,3,2,Yes,30,3,115.1,4,374526.29,No
MSL-00086,80,Independent Living,2145.55,2BR,3,4,No,95,1,65.8,4,183287.57,Yes
MSL-00087,47,Independent Living,2394.49,Suite,3,0,No,82,2,28.7,9,159613.06,No
MSL-00088,12,Independent Living,2194.78,2BR,3,4,No,63,2,43.8,2,27519.62,No
MSL-00089,70,Skilled Nursing,6598.6,Studio,1,0,No,68,1,42.9,7,480229.88,No
MSL-00090,73,Memory Care,5475.31,Suite,3,3,Yes,100,2,96.4,5,314638.16,No
MSL-00091,87,Memory Care,4552.58,2BR,2,0,No,84,1,28.4,5,405175.27,No
MSL-00092,88,Independent Living,2128.63,2BR,2,3,Yes,0,3,40.7,7,104933.95,Yes
MSL-00093,63,Independent Living,2490.34,1BR,3,2,No,7,2,17.0,1,119573.38,Yes
MSL-00094,29,Independent Living,2005.15,Studio,3,4,No,99,5,51.1,1,30058.9,No
MSL-00095,16,Memory Care,5432.02,2BR,3,4,No,73,0,73.0,8,84884.17,No
MSL-00096,67,Independent Living,2379.23,1BR,3,2,No,99,0,89.6,4,251265.32,Yes
MSL-00097,21,Independent Living,2074.25,1BR,2,3,Yes,62,2,94.8,10,35390.19,No
MSL-00098,44,Independent Living,2053.56,Studio,2,4,No,13,2,21.7,9,61539.9,No
MSL-00099,11,Skilled Nursing,6521.77,Suite,2,5,Yes,49,1,69.0,8,63623.39,No
MSL-00100,87,Independent Living,2776.4,Suite,2,0,No,93,2,39.4,10,237634.54,Yes
MSL-00101,63,Independent Living,2057.55,1BR,3,4,No,55,1,70.2,9,112479.73,No
MSL-00102,54,Independent Living,1742.18,1BR,3,4,No,16,2,27.8,7,68848.63,Yes
MSL-00103,19,Memory Care,5173.12,Suite,2,4,Yes,72,0,93.9,5,48204.2,No
MSL-00104,45,Skilled Nursing,6184.33,1BR,3,0,Yes,98,2,116.5,10,278760.49,No
MSL-00105,34,Independent Living,2950.68,Studio,2,2,No,70,1,9.1,1,166388.31,No
MSL-00106,56,Independent Living,2207.15,Studio,3,3,No,45,2,28.8,2,106003.43,Yes
MSL-00107,30,Skilled Nursing,8036.7,1BR,1,2,No,21,2,6.9,10,170145.01,No
MSL-00108,15,Skilled Nursing,5995.78,1BR,2,2,No,60,1,51.2,8,84577.32,No
MSL-00109,12,Skilled Nursing,6747.43,Studio,2,2,No,95,3,27.0,10,57587.56,No
MSL-00110,47,Skilled Nursing,6752.63,2BR,3,3,No,36,1,83.9,9,380292.5,No
MSL-00111,71,Independent Living,2095.37,1BR,3,5,Yes,67,1,60.6,9,108469.56,No
MSL-00112,4,Skilled Nursing,7527.3,1BR,3,2,No,95,1,73.6,7,77927.28,No
MSL-00113,74,Skilled Nursing,7427.99,Studio,3,4,Yes,87,1,17.2,5,587598.48,No
MSL-00114,81,Memory Care,4720.25,1BR,1,2,Yes,60,1,68.8,9,214615.25,No
MSL-00115,5,Independent Living,2635.29,Studio,2,2,No,39,1,45.5,4,15686.75,No
MSL-00116,40,Memory Care,4405.93,Suite,3,3,No,94,0,22.4,7,102600.36,No
MSL-00117,77,Independent Living,2198.64,Studio,1,1,No,81,2,61.2,7,145396.23,No
MSL-00118,33,Skilled Nursing,6823.93,Studio,1,0,No,20,6,39.3,7,128484.78,No
MSL-00119,46,Independent Living,2272.16,2BR,3,1,No,30,3,73.4,2,48056.0,Yes
MSL-00120,21,Independent Living,2349.47,2BR,3,2,No,46,0,10.2,8,96122.04,No
MSL-00121,75,Skilled Nursing,6629.43,2BR,1,7,No,14,1,32.0,7,357292.31,No
MSL-00122,80,Skilled Nursing,6059.63,2BR,2,1,No,69,2,20.1,5,348976.93,No
MSL-00123,1,Memory Care,5420.32,Suite,3,2,No,22,2,15.6,3,4893.52,No
MSL-00124,84,Skilled Nursing,7806.79,1BR,3,0,No,26,2,112.8,4,538321.33,No
MSL-00125,9,Independent Living,2526.42,Suite,3,4,No,80,3,23.0,4,25218.98,No
MSL-00126,20,Independent Living,2528.09,1BR,3,1,No,72,4,8.5,2,31298.57,No
MSL-00127,53,Skilled Nursing,5407.1,Suite,3,2,No,4,1,46.7,3,209877.39,Yes
MSL-00128,85,Independent Living,2816.83,Studio,1,4,No,6,1,47.1,10,204169.9,No
MSL-00129,81,Independent Living,2777.62,1BR,3,2,Yes,6,0,24.3,3,93292.96,No
MSL-00130,47,Skilled Nursing,6017.61,2BR,3,3,No,0,1,7.5,1,401272.42,No
MSL-00131,33,Independent Living,2420.9,Suite,3,4,No,70,0,63.0,2,118103.72,No
MSL-00132,44,Independent Living,2806.47,Suite,1,6,No,0,0,2.8,10,110603.35,Yes
MSL-00133,53,Independent Living,2720.08,2BR,1,2,No,16,0,21.9,9,195005.63,Yes
MSL-00134,6,Skilled Nursing,7538.77,Studio,2,2,No,67,2,37.8,1,74665.79,No
MSL-00135,5,Skilled Nursing,6020.65,1BR,3,4,No,20,1,122.0,7,14532.39,No
MSL-00136,96,Skilled Nursing,7337.99,1BR,3,1,No,66,3,2.5,10,154164.67,No
MSL-00137,54,Memory Care,6362.33,2BR,1,1,No,61,0,56.0,3,407050.49,No
MSL-00138,88,Memory Care,5654.83,2BR,2,1,No,0,3,5.8,4,397574.74,No
MSL-00139,5,Independent Living,2236.28,2BR,2,2,No,69,0,17.3,7,7359.35,No
MSL-00140,86,Independent Living,2683.96,1BR,1,3,No,43,1,76.2,10,345168.94,Yes
MSL-00141,48,Independent Living,3221.6,1BR,3,3,No,18,4,7.7,9,268591.87,No
MSL-00142,76,Skilled Nursing,7912.62,Suite,3,4,No,58,1,74.1,6,1062622.09,Yes
MSL-00143,13,Skilled Nursing,7772.44,1BR,1,2,No,79,0,29.4,7,95160.76,No
MSL-00144,54,Skilled Nursing,6288.3,1BR,2,3,No,30,1,26.3,4,610356.58,No
MSL-00145,80,Memory Care,5630.25,Studio,3,1,No,75,2,43.6,6,313380.52,No
MSL-00146,31,Skilled Nursing,6511.46,1BR,2,6,Yes,67,3,35.8,1,127786.74,No
MSL-00147,26,Skilled Nursing,5980.74,2BR,2,3,No,24,1,15.6,10,142622.21,No
MSL-00148,58,Skilled Nursing,6944.18,Suite,3,1,No,58,0,53.2,8,376998.98,No
MSL-00149,55,Independent Living,2256.28,1BR,1,1,No,22,0,51.9,5,180412.25,Yes
MSL-00150,2,Independent Living,2422.22,Studio,3,4,No,14,2,15.1,7,6010.91,No
MSL-00151,67,Memory Care,4969.48,1BR,3,2,No,74,2,14.4,10,198990.91,No
MSL-00152,67,Skilled Nursing,8140.0,Studio,2,0,Yes,54,1,106.1,5,454185.28,No
MSL-00153,67,Independent Living,1660.1,1BR,2,3,No,45,2,33.0,7,119099.21,No
MSL-00154,55,Independent Living,2516.31,2BR,2,4,No,82,2,117.2,6,160604.56,No
MSL-00155,29,Memory Care,5210.24,2BR,1,2,Yes,32,4,122.4,10,105905.54,Yes
MSL-00156,13,Independent Living,2608.6,Studio,3,3,No,79,0,108.9,3,46165.24,No
MSL-00157,2,Independent Living,2479.09,Studio,3,5,No,6,0,111.6,3,5648.18,Yes
MSL-00158,7,Memory Care,4609.77,Studio,3,2,Yes,10,3,70.5,7,16949.35,No
MSL-00159,41,Skilled Nursing,6844.45,1BR,3,5,No,34,1,48.4,5,258445.26,No
MSL-00160,61,Independent Living,2537.53,Suite,3,1,No,98,3,25.9,6,168568.63,Yes
MSL-00161,0,Independent Living,2682.39,2BR,3,1,No,6,0,19.9,5,0.0,No
MSL-00162,4,Memory Care,4723.2,1BR,3,2,No,39,1,50.7,1,32966.62,No
MSL-00163,41,Independent Living,2168.59,Suite,1,2,Yes,8,1,6.1,3,118846.44,No
MSL-00164,41,Memory Care,5527.99,1BR,3,5,No,31,1,79.7,9,491186.05,Yes
MSL-00165,51,Independent Living,2126.32,1BR,3,2,No,46,3,30.4,6,175652.34,No
MSL-00166,36,Skilled Nursing,6821.54,2BR,3,2,No,70,2,20.8,6,192902.48,No
MSL-00167,73,Independent Living,2607.74,Studio,2,0,No,59,0,27.4,10,138965.13,No
MSL-00168,50,Memory Care,4528.56,Studio,3,3,No,71,0,25.0,10,241721.3,No
MSL-00169,85,Independent Living,2569.61,1BR,2,4,No,95,2,4.4,10,379049.24,No
MSL-00170,48,Skilled Nursing,6931.83,1BR,3,5,No,79,2,26.3,6,153416.34,No
MSL-00171,3,Skilled Nursing,6731.29,Studio,2,4,No,81,2,29.4,4,31178.5,No
MSL-00172,78,Independent Living,2252.46,2BR,2,3,No,52,1,43.9,10,227611.8,No
MSL-00173,93,Memory Care,5091.7,Suite,2,0,No,60,2,123.9,4,403015.19,No
MSL-00174,68,Independent Living,2495.31,2BR,3,1,Yes,82,2,41.1,7,190990.76,No
MSL-00175,34,Skilled Nursing,7316.88,Studio,2,4,No,74,1,36.3,6,186459.91,Yes
MSL-00176,37,Skilled Nursing,5607.43,1BR,3,2,No,56,5,70.4,3,281169.29,No
MSL-00177,37,Independent Living,2335.38,2BR,3,3,No,97,0,15.4,3,68828.74,No
MSL-00178,28,Skilled Nursing,6928.49,2BR,2,1,No,19,1,21.5,9,200774.39,No
MSL-00179,58,Skilled Nursing,7367.2,Studio,3,3,No,60,0,19.7,7,319504.89,No
MSL-00180,20,Memory Care,4703.22,1BR,3,1,No,17,0,68.3,2,159974.13,No
MSL-00181,81,Independent Living,2683.66,2BR,1,1,Yes,71,2,27.1,4,216675.33,No
MSL-00182,49,Independent Living,2602.18,Studio,1,1,No,3,0,18.9,5,98695.29,No
MSL-00183,25,Skilled Nursing,7637.82,Studio,3,4,No,0,3,97.8,1,105763.24,Yes
MSL-00184,9,Memory Care,5065.3,1BR,3,1,No,62,0,44.4,9,49627.91,No
MSL-00185,67,Independent Living,2515.73,1BR,2,3,No,30,2,30.2,9,78354.88,Yes
MSL-00186,24,Skilled Nursing,8015.88,2BR,2,4,No,29,1,32.0,4,226156.73,No
MSL-00187,79,Independent Living,2224.72,1BR,2,6,No,66,1,16.2,3,89453.49,No
MSL-00188,62,Skilled Nursing,6219.44,Suite,2,3,No,20,0,20.3,1,336074.36,No
MSL-00189,73,Independent Living,2087.05,2BR,2,3,No,61,0,32.9,6,165136.3,No
MSL-00190,20,Independent Living,2610.7,1BR,2,2,Yes,41,3,38.2,2,18178.51,Yes
MSL-00191,10,Skilled Nursing,6094.17,2BR,2,2,No,79,0,31.7,9,105514.98,No
MSL-00192,37,Independent Living,3200.31,Studio,2,2,No,28,2,35.9,3,101393.7,Yes
MSL-00193,93,Independent Living,2447.52,1BR,1,6,No,35,1,110.1,5,287330.46,No
MSL-00194,44,Memory Care,4636.79,1BR,1,1,No,31,2,35.7,1,159220.16,No
MSL-00195,64,Skilled Nursing,6502.5,Studio,3,5,No,8,0,56.1,4,709648.51,No
MSL-00196,87,Independent Living,2054.33,1BR,1,3,No,27,0,28.0,5,251781.8,No
MSL-00197,22,Independent Living,2926.7,Studio,2,4,No,74,2,50.3,5,42997.74,No
MSL-00198,38,Skilled Nursing,7447.23,2BR,3,0,No,95,3,107.5,4,354377.83,No
MSL-00199,50,Skilled Nursing,5695.97,1BR,3,3,Yes,69,2,36.2,2,377784.17,No
MSL-00200,95,Independent Living,2856.08,Studio,1,4,No,48,0,21.5,4,182314.27,Yes
MSL-00201,77,Independent Living,2829.34,2BR,1,0,No,93,0,40.8,5,291413.21,No
MSL-00202,9,Independent Living,2312.19,1BR,3,1,No,41,2,2.5,6,18984.41,Yes
MSL-00203,72,Skilled Nursing,6995.38,1BR,2,4,No,27,1,66.2,7,1200558.54,No
MSL-00204,96,Independent Living,2289.64,Studio,2,2,No,71,0,21.1,5,141919.17,No
MSL-00205,69,Skilled Nursing,7023.83,Studio,2,3,No,19,3,71.8,8,628279.16,No
MSL-00206,35,Independent Living,2250.56,1BR,3,0,No,23,1,76.7,9,87157.57,Yes
MSL-00207,20,Independent Living,2258.18,Studio,2,3,No,51,0,97.5,6,48577.97,No
MSL-00208,84,Memory Care,4018.32,1BR,3,2,Yes,59,2,76.1,3,379337.06,No
MSL-00209,7,Skilled Nursing,6363.21,2BR,2,1,No,15,3,139.2,3,53632.9,No
MSL-00210,83,Independent Living,2455.99,Suite,3,4,Yes,61,2,102.0,4,636021.85,No
MSL-00211,57,Independent Living,2344.09,1BR,3,5,No,70,2,25.8,2,186087.37,No
MSL-00212,34,Memory Care,5455.84,Studio,2,4,No,59,1,40.7,4,316599.82,No
MSL-00213,13,Skilled Nursing,7417.69,2BR,2,1,Yes,29,1,40.4,10,43178.12,Yes
MSL-00214,45,Skilled Nursing,5749.1,Suite,1,8,No,4,2,49.6,2,365615.83,No
MSL-00215,25,Independent Living,2421.78,1BR,2,5,No,6,3,72.5,9,42547.31,No
MSL-00216,35,Memory Care,5193.35,Studio,3,2,Yes,47,1,39.8,5,165576.59,Yes
MSL-00217,43,Independent Living,2515.03,2BR,1,4,No,83,4,33.4,6,136236.61,No
MSL-00218,94,Independent Living,2308.0,Studio,1,3,No,11,0,23.7,3,393335.02,Yes
MSL-00219,48,Skilled Nursing,7916.11,Studio,3,8,No,96,0,19.7,4,2031855.0,No
MSL-00220,46,Independent Living,1995.77,Studio,2,1,No,88,2,48.1,5,60401.86,Yes
MSL-00221,67,Independent Living,2085.56,Suite,2,4,No,99,1,5.8,9,115345.51,No
MSL-00222,90,Memory Care,5680.59,2BR,2,2,No,52,1,31.1,4,1130400.96,Yes
MSL-00223,10,Independent Living,2380.02,Suite,3,3,No,1,2,42.7,2,24350.07,No
MSL-00224,39,Independent Living,2443.69,2BR,3,2,Yes,96,3,21.1,10,59256.25,No
MSL-00225,65,Independent Living,1946.67,2BR,2,3,No,23,1,15.1,9,69165.21,No
MSL-00226,38,Skilled Nursing,7308.49,1BR,3,1,No,100,0,17.0,6,365164.41,No
MSL-00227,84,Independent Living,2335.0,1BR,3,4,No,26,2,20.6,10,240071.47,No
MSL-00228,27,Independent Living,2542.46,Suite,3,5,No,56,2,19.7,9,79314.56,No
MSL-00229,95,Skilled Nursing,6632.9,1BR,1,2,No,46,1,30.8,9,213120.91,No
MSL-00230,60,Memory Care,6110.94,Studio,3,5,No,78,1,44.7,3,214738.32,No
MSL-00231,53,Independent Living,2652.43,1BR,3,0,No,95,0,46.4,9,298324.85,No
MSL-00232,22,Skilled Nursing,5783.37,1BR,1,8,Yes,67,2,50.7,4,173017.21,No
MSL-00233,52,Skilled Nursing,6794.52,1BR,1,2,No,56,0,30.4,4,342996.41,No
MSL-00234,90,Skilled Nursing,7288.06,Studio,3,3,No,45,3,33.7,1,676501.56,No
MSL-00235,4,Independent Living,2530.59,Suite,1,0,No,41,1,78.1,4,15019.68,No
MSL-00236,68,Independent Living,2676.31,Studio,2,4,No,24,1,119.0,9,461559.79,No
MSL-00237,80,Skilled Nursing,6381.87,Studio,3,2,No,78,4,115.0,10,228190.2,No
MSL-00238,37,Memory Care,5474.51,Studio,1,0,No,13,2,23.5,3,297914.3,No
MSL-00239,17,Independent Living,2586.45,1BR,2,4,No,10,1,64.1,3,43169.49,Yes
MSL-00240,95,Memory Care,5692.81,Studio,3,4,No,7,3,13.0,8,570528.84,Yes
MSL-00241,37,Independent Living,1898.25,1BR,2,4,No,43,1,20.2,5,66369.47,No
MSL-00242,89,Independent Living,2333.63,Suite,1,2,No,41,2,40.8,1,220744.8,No
MSL-00243,26,Memory Care,5685.37,1BR,1,2,No,94,2,9.2,4,194667.78,No
MSL-00244,25,Memory Care,6254.38,1BR,2,3,No,57,1,3.1,3,150985.07,No
MSL-00245,40,Skilled Nursing,5276.1,1BR,1,5,No,0,4,31.2,5,215805.76,No
MSL-00246,85,Memory Care,4708.23,Studio,2,6,No,100,3,31.6,8,583999.89,No
MSL-00247,96,Memory Care,5026.61,1BR,3,4,No,32,2,70.8,8,540973.99,No
MSL-00248,17,Skilled Nursing,6148.23,Studio,3,1,No,67,2,54.3,7,100640.07,Yes
MSL-00249,57,Skilled Nursing,8823.84,1BR,3,2,Yes,37,3,60.0,7,541416.36,No
MSL-00250,68,Independent Living,2593.06,1BR,3,1,No,73,2,73.0,9,308759.32,Yes
MSL-00251,32,Independent Living,2101.35,Studio,3,2,No,11,2,15.8,2,46511.22,Yes
MSL-00252,35,Memory Care,4870.71,Studio,3,3,No,80,2,60.6,6,236117.46,No
MSL-00253,91,Skilled Nursing,7148.83,1BR,3,8,No,2,1,44.1,6,789376.21,No
MSL-00254,80,Independent Living,2602.6,1BR,3,5,No,63,1,42.8,3,279504.28,No
MSL-00255,27,Independent Living,1897.26,Studio,2,3,No,35,0,49.3,9,76649.72,No
MSL-00256,21,Independent Living,2809.73,Studio,3,5,No,54,1,14.0,9,39390.74,No
MSL-00257,22,Independent Living,2441.18,1BR,2,4,No,77,3,21.9,3,64192.15,Yes
MSL-00258,26,Independent Living,2045.41,1BR,3,2,No,5,1,3.2,4,113790.28,Yes
MSL-00259,2,Skilled Nursing,6583.36,Studio,2,0,No,55,3,15.3,6,15825.19,Yes
MSL-00260,88,Independent Living,2108.95,1BR,3,4,No,3,2,44.4,1,218116.28,Yes
MSL-00261,23,Independent Living,2486.11,Suite,3,3,No,83,3,80.3,10,58971.18,Yes
MSL-00262,71,Skilled Nursing,8860.65,Suite,2,3,No,23,1,71.6,2,418560.52,No
MSL-00263,40,Skilled Nursing,7564.77,1BR,2,4,Yes,72,1,136.8,7,187034.29,No
MSL-00264,59,Skilled Nursing,8240.81,1BR,3,0,No,47,2,44.3,7,390311.6,No
MSL-00265,0,Independent Living,2285.46,Studio,3,1,No,2,1,82.0,6,0.0,Yes
MSL-00266,48,Skilled Nursing,7113.39,Studio,3,3,No,41,5,53.7,2,937177.85,No
MSL-00267,10,Independent Living,2940.48,Studio,3,5,No,38,1,127.4,9,20271.92,No
MSL-00268,75,Memory Care,5233.92,2BR,3,2,No,97,1,43.8,2,126703.44,No
MSL-00269,73,Memory Care,4783.96,Suite,3,2,No,67,2,18.0,10,276448.99,No
MSL-00270,60,Memory Care,4599.38,Studio,2,3,No,40,1,81.3,1,919794.43,No
MSL-00271,24,Independent Living,2296.72,Studio,3,3,No,74,1,18.8,10,134153.99,Yes
MSL-00272,70,Skilled Nursing,7559.03,1BR,3,4,No,35,1,2.2,8,373721.22,No
MSL-00273,78,Skilled Nursing,6993.39,1BR,2,3,No,84,0,13.3,2,424154.47,No
MSL-00274,28,Independent Living,2465.74,2BR,1,3,Yes,79,0,107.3,3,74240.27,No
MSL-00275,63,Independent Living,2877.05,2BR,2,4,No,89,0,24.7,9,247866.08,No
MSL-00276,84,Independent Living,2527.03,Studio,2,4,No,47,3,16.4,4,253832.4,No
MSL-00277,47,Independent Living,2264.06,Studio,2,4,No,86,4,73.5,4,195389.65,Yes
MSL-00278,57,Independent Living,2256.47,2BR,3,2,No,69,1,21.2,1,178465.51,No
MSL-00279,40,Independent Living,2723.01,Studio,3,3,No,89,0,75.5,10,244766.96,No
MSL-00280,49,Memory Care,4867.85,1BR,3,2,No,53,2,26.2,9,272924.56,No
MSL-00281,1,Memory Care,4651.12,1BR,3,2,No,48,1,6.4,7,8438.36,No
MSL-00282,28,Independent Living,2880.81,2BR,3,3,Yes,61,3,49.2,2,70150.51,Yes
MSL-00283,91,Independent Living,2188.87,Suite,3,4,No,28,2,220.1,9,194634.77,Yes
MSL-00284,18,Memory Care,4753.8,1BR,2,1,No,60,3,55.4,8,95619.19,Yes
MSL-00285,60,Skilled Nursing,6186.85,2BR,2,0,No,58,2,17.2,8,412172.95,No
MSL-00286,88,Skilled Nursing,6706.54,1BR,1,2,No,8,2,49.7,1,319368.89,No
MSL-00287,73,Skilled Nursing,6908.83,Suite,3,1,No,8,1,32.7,4,254441.74,No
MSL-00288,93,Independent Living,2207.74,2BR,3,1,No,27,0,21.5,5,286135.6,No
MSL-00289,47,Memory Care,4157.7,Studio,3,3,No,32,3,20.3,7,680862.17,No
MSL-00290,74,Memory Care,6428.56,1BR,1,3,No,70,2,32.9,3,788225.47,No
MSL-00291,87,Independent Living,2236.88,Suite,1,6,No,89,1,24.4,4,298709.13,No
MSL-00292,29,Independent Living,2481.33,Studio,3,3,No,9,0,52.7,2,86880.37,No
MSL-00293,65,Memory Care,4710.82,Studio,2,2,No,38,0,3.3,9,312443.71,No
MSL-00294,39,Independent Living,2948.68,2BR,3,3,No,15,2,23.4,9,102732.4,No
MSL-00295,80,Independent Living,2669.23,Suite,3,5,No,69,3,58.9,7,226627.76,No
MSL-00296,4,Independent Living,2453.3,1BR,2,1,No,32,0,18.2,5,9080.86,No
MSL-00297,42,Independent Living,2475.35,Studio,2,2,No,11,3,15.6,6,71696.28,Yes
MSL-00298,13,Independent Living,2568.38,Suite,1,4,No,12,2,57.7,2,66039.75,No
MSL-00299,25,Memory Care,5826.03,Studio,2,3,No,32,2,20.3,2,167659.44,No
MSL-00300,5,Independent Living,1903.46,1BR,3,3,No,85,1,47.9,3,6521.91,Yes
MSL-00301,95,Independent Living,2497.69,Studio,1,1,No,79,1,5.4,9,238451.24,No
MSL-00302,68,Memory Care,5816.72,Studio,2,2,No,16,2,78.1,6,270996.2,No
MSL-00303,32,Memory Care,5263.02,1BR,3,1,No,29,2,91.5,8,256315.04,No
MSL-00304,60,Independent Living,3130.2,1BR,3,3,No,11,0,141.4,7,272571.45,No
MSL-00305,75,Skilled Nursing,6748.24,2BR,3,3,No,18,2,70.1,9,408036.72,No
MSL-00306,49,Independent Living,2200.98,Studio,3,3,Yes,60,1,21.2,8,83560.44,No
MSL-00307,15,Memory Care,4629.36,Suite,3,2,No,33,0,20.5,6,41625.33,No
MSL-00308,1,Independent Living,1694.33,2BR,2,2,No,69,0,66.5,1,2075.41,Yes
MSL-00309,50,Independent Living,2894.16,2BR,2,3,No,40,0,58.7,5,170046.77,No
MSL-00310,89,Independent Living,2248.5,1BR,3,3,No,74,2,22.4,1,241508.17,No
MSL-00311,67,Independent Living,2446.6,1BR,3,2,No,65,1,17.4,1,94559.41,No
MSL-00312,95,Independent Living,2645.0,Studio,2,5,No,28,2,26.9,1,196827.99,No
MSL-00313,61,Skilled Nursing,6271.8,2BR,2,1,Yes,92,3,23.8,4,510912.31,No
MSL-00314,30,Skilled Nursing,6598.33,1BR,3,5,Yes,8,0,41.5,1,268768.48,No
MSL-00315,12,Independent Living,2670.57,Studio,3,3,Yes,3,3,11.9,7,28416.23,No
MSL-00316,74,Memory Care,5846.39,2BR,2,3,No,99,2,80.1,3,280633.14,No
MSL-00317,85,Memory Care,5761.53,1BR,3,1,No,20,1,17.4,1,516719.26,No
MSL-00318,42,Skilled Nursing,6486.72,Studio,3,1,No,24,2,17.5,2,428246.33,No
MSL-00319,73,Independent Living,2886.11,1BR,2,4,No,37,1,120.5,8,227096.11,Yes
MSL-00320,5,Independent Living,2578.05,Studio,3,3,No,36,1,56.6,6,10205.48,Yes
MSL-00321,57,Skilled Nursing,6426.91,Studio,2,1,No,37,1,16.3,9,303173.4,No
MSL-00322,10,Independent Living,2526.42,Studio,3,4,No,18,2,29.1,7,17685.34,No
MSL-00323,82,Independent Living,2721.94,2BR,3,2,No,22,1,30.9,5,105181.39,Yes
MSL-00324,8,Independent Living,1967.2,Studio,3,3,No,10,1,84.1,9,16948.67,No
MSL-00325,20,Skilled Nursing,7920.76,Suite,3,1,No,74,0,41.3,6,108462.68,No
MSL-00326,96,Memory Care,5718.56,1BR,2,2,No,76,1,20.9,10,1052814.81,No
MSL-00327,91,Memory Care,5739.9,Studio,1,4,No,55,1,58.2,5,619372.79,No
MSL-00328,0,Skilled Nursing,7039.69,2BR,3,2,No,72,1,136.4,5,0.0,No
MSL-00329,89,Independent Living,2908.67,Suite,3,1,No,7,0,68.4,6,258750.87,No
MSL-00330,18,Independent Living,1600.0,Studio,3,1,No,91,2,123.2,5,31374.44,No
MSL-00331,65,Memory Care,5502.42,2BR,3,4,No,60,1,30.7,3,482340.15,No
MSL-00332,86,Independent Living,2426.51,2BR,3,2,No,35,2,12.9,2,149802.28,No
MSL-00333,30,Independent Living,2479.89,1BR,3,0,No,22,1,10.0,9,73799.32,Yes
MSL-00334,56,Independent Living,2596.46,1BR,3,2,No,50,1,37.1,8,262322.01,No
MSL-00335,2,Memory Care,5583.52,Studio,3,2,Yes,38,5,71.6,6,17444.82,Yes
MSL-00336,28,Memory Care,5767.59,1BR,3,4,No,36,2,73.8,5,80501.24,No
MSL-00337,22,Memory Care,4828.46,2BR,1,1,No,16,0,75.4,7,49903.94,Yes
MSL-00338,12,Skilled Nursing,5753.37,1BR,3,1,No,90,1,61.7,5,43260.19,No
MSL-00339,33,Skilled Nursing,5692.44,Studio,3,5,No,44,3,12.6,10,97114.41,No
MSL-00340,64,Independent Living,1600.0,2BR,3,6,No,10,2,54.2,4,120745.9,No
MSL-00341,6,Skilled Nursing,6502.18,Suite,3,0,No,65,1,83.6,1,42099.82,Yes
MSL-00342,8,Independent Living,2006.07,Studio,3,5,No,99,2,70.8,5,17067.31,Yes
MSL-00343,30,Memory Care,5154.2,Studio,2,3,No,90,1,20.2,5,181227.83,No
MSL-00344,57,Independent Living,2600.82,Studio,3,3,No,22,4,15.0,4,177012.75,No
MSL-00345,65,Skilled Nursing,6071.11,2BR,3,3,No,36,2,20.6,10,489404.32,No
MSL-00346,49,Skilled Nursing,6615.31,2BR,3,3,No,12,1,51.6,8,456738.69,No
MSL-00347,58,Independent Living,2848.04,Suite,3,0,No,92,1,8.9,5,274065.01,No
MSL-00348,9,Skilled Nursing,8366.16,2BR,3,3,No,4,2,18.2,9,98601.25,Yes
MSL-00349,72,Memory Care,4384.55,Studio,3,1,No,88,0,23.4,9,195776.32,No
MSL-00350,30,Independent Living,2271.83,1BR,3,2,No,80,0,39.3,1,123395.7,No
MSL-00351,25,Independent Living,2253.81,Suite,3,2,No,52,1,82.1,6,110111.47,No
MSL-00352,33,Memory Care,6088.04,Studio,1,3,No,73,1,160.8,2,195991.23,No
MSL-00353,83,Independent Living,2281.72,Studio,2,2,No,38,3,6.4,4,135038.31,No
MSL-00354,88,Skilled Nursing,6232.54,1BR,1,3,No,81,0,47.9,1,470920.33,No
MSL-00355,74,Independent Living,2727.97,Studio,2,1,No,48,0,182.9,8,164241.49,Yes
MSL-00356,79,Skilled Nursing,6008.55,Studio,3,1,No,84,1,47.8,6,1172123.37,No
MSL-00357,29,Independent Living,2872.71,Suite,3,3,Yes,43,1,84.9,3,50211.53,No
MSL-00358,67,Independent Living,2397.42,Studio,3,2,No,62,4,29.6,3,263941.29,No
MSL-00359,76,Independent Living,2495.52,Studio,1,0,Yes,75,1,66.5,10,404614.04,No
MSL-00360,46,Memory Care,5470.37,Suite,3,3,No,4,2,61.3,4,473948.81,No
MSL-00361,75,Skilled Nursing,7103.96,1BR,2,1,No,44,1,36.4,9,601742.34,No
MSL-00362,76,Memory Care,4437.7,1BR,3,3,No,5,2,10.7,1,271705.66,No
MSL-00363,57,Independent Living,2243.55,Suite,3,0,Yes,2,1,55.3,4,47635.46,Yes
MSL-00364,67,Independent Living,2393.06,1BR,3,2,No,94,1,105.2,5,176663.49,Yes
MSL-00365,35,Independent Living,2530.35,1BR,3,3,Yes,14,1,8.8,7,84841.11,No
MSL-00366,76,Independent Living,2676.73,Studio,3,3,No,93,1,63.1,4,170373.07,No
MSL-00367,76,Independent Living,2167.4,1BR,3,4,Yes,54,1,41.7,2,153802.0,No
MSL-00368,33,Independent Living,2643.16,1BR,2,3,No,58,3,77.2,9,111912.35,Yes
MSL-00369,49,Independent Living,2097.83,1BR,2,0,No,74,0,44.1,8,33921.94,No
MSL-00370,5,Memory Care,3818.92,Suite,1,3,No,84,4,180.8,2,28184.67,Yes
MSL-00371,36,Independent Living,1699.73,1BR,2,3,Yes,4,1,22.9,9,56503.87,No
MSL-00372,21,Independent Living,2710.23,2BR,3,3,No,91,4,38.8,3,66418.29,No
MSL-00373,70,Memory Care,5271.14,1BR,3,1,No,9,3,153.5,9,240165.27,No
MSL-00374,49,Memory Care,5094.9,1BR,3,3,No,7,0,28.2,7,277576.79,No
MSL-00375,15,Memory Care,4901.2,2BR,3,4,No,73,2,9.7,3,169640.73,No
MSL-00376,85,Independent Living,2518.45,1BR,1,3,No,9,0,36.1,6,363233.56,No
MSL-00377,12,Skilled Nursing,6190.12,2BR,3,0,No,92,2,14.3,1,44585.49,No
MSL-00378,20,Memory Care,5385.56,Suite,3,2,Yes,84,1,57.9,7,102624.87,No
MSL-00379,94,Independent Living,2903.45,2BR,2,0,No,60,2,73.7,5,346070.13,Yes
MSL-00380,57,Skilled Nursing,5307.05,2BR,2,6,No,2,1,125.1,5,516337.99,No
MSL-00381,73,Independent Living,2080.08,1BR,3,3,No,34,0,111.8,3,130749.73,No
MSL-00382,96,Skilled Nursing,6574.64,2BR,3,3,No,25,1,46.4,1,1062907.94,No
MSL-00383,9,Independent Living,2681.39,1BR,3,1,No,16,4,3.1,2,16921.14,Yes
MSL-00384,62,Independent Living,2296.96,Studio,3,0,Yes,23,1,5.8,6,134666.02,No
MSL-00385,7,Independent Living,2760.51,2BR,1,2,No,88,1,20.1,10,35694.02,No
MSL-00386,15,Independent Living,2457.94,1BR,3,7,No,21,1,54.4,7,31808.39,No
MSL-00387,71,Independent Living,2317.58,Studio,3,2,No,11,2,41.2,4,101618.17,No
MSL-00388,80,Independent Living,2145.89,Studio,3,4,No,66,0,9.0,1,203321.23,No
MSL-00389,58,Skilled Nursing,5529.26,2BR,1,3,No,78,1,36.7,9,313336.18,No
MSL-00390,72,Independent Living,2531.78,2BR,2,4,No,70,1,27.7,1,88262.5,Yes
MSL-00391,30,Independent Living,2418.77,2BR,3,2,No,90,2,55.7,3,102733.88,No
MSL-00392,46,Skilled Nursing,6091.09,Suite,2,2,No,35,1,12.4,3,315309.22,No
MSL-00393,19,Independent Living,2248.33,1BR,3,8,Yes,7,1,18.2,2,22661.51,No
MSL-00394,89,Skilled Nursing,7105.96,1BR,2,2,No,11,2,15.8,4,972763.73,No
MSL-00395,67,Independent Living,2729.84,Suite,3,2,No,86,2,116.2,10,203872.24,No
MSL-00396,7,Independent Living,2601.7,1BR,3,1,No,76,2,42.8,2,35071.68,No
MSL-00397,2,Independent Living,1842.13,1BR,2,1,No,90,1,70.9,3,3667.46,No
MSL-00398,32,Skilled Nursing,5688.33,Suite,3,6,No,43,2,90.7,9,157402.02,No
MSL-00399,6,Independent Living,2205.56,Studio,3,1,Yes,40,2,49.7,2,13906.52,Yes
MSL-00400,5,Skilled Nursing,7590.14,2BR,2,2,No,38,5,67.4,5,38411.03,No
MSL-00401,42,Memory Care,5785.83,Studio,3,2,No,6,5,91.0,4,273638.39,Yes
MSL-00402,70,Skilled Nursing,6660.7,1BR,3,2,Yes,19,1,55.4,9,505486.06,No
MSL-00403,78,Independent Living,2562.9,Suite,2,1,No,25,0,2.5,7,130944.79,No
MSL-00404,3,Independent Living,2214.61,Studio,3,2,No,33,1,72.8,6,5907.12,Yes
MSL-00405,88,Skilled Nursing,8103.43,1BR,3,3,No,93,2,19.3,4,1095529.91,No
MSL-00406,56,Skilled Nursing,6872.09,2BR,3,5,No,72,2,25.6,10,441080.47,No
MSL-00407,61,Memory Care,5937.16,2BR,2,5,Yes,70,4,51.0,2,189407.04,No
MSL-00408,94,Memory Care,6060.83,Suite,3,1,No,35,2,10.9,5,970834.26,No
MSL-00409,89,Independent Living,2072.26,2BR,1,4,No,32,1,40.9,8,146438.81,No
MSL-00410,73,Memory Care,5232.73,1BR,2,0,No,71,2,48.2,6,145697.62,Yes
MSL-00411,24,Independent Living,2000.0,1BR,3,3,No,78,1,15.6,4,83717.52,Yes
MSL-00412,84,Independent Living,2051.28,Suite,1,4,No,62,3,45.3,3,83080.95,Yes
MSL-00413,96,Independent Living,2555.56,Suite,3,0,No,25,1,13.9,4,170369.8,No
MSL-00414,38,Independent Living,2303.74,Studio,3,4,No,9,0,24.5,10,59480.28,No
MSL-00415,51,Memory Care,6232.9,2BR,3,1,No,38,2,78.4,9,183160.83,No
MSL-00416,17,Independent Living,1899.87,2BR,3,0,No,91,0,15.7,10,13050.48,No
MSL-00417,37,Independent Living,2148.13,Studio,3,1,No,80,1,31.8,6,75878.83,No
MSL-00418,21,Independent Living,2256.81,2BR,2,6,No,69,4,8.1,1,64430.7,No
MSL-00419,71,Independent Living,2525.02,2BR,3,1,No,95,1,14.5,5,367285.46,No
MSL-00420,26,Independent Living,2042.27,2BR,3,6,No,22,2,43.4,2,64791.34,No
MSL-00421,84,Independent Living,1831.89,1BR,3,3,Yes,6,2,130.3,10,138414.3,No
MSL-00422,18,Skilled Nursing,6721.45,1BR,2,0,No,100,0,28.7,7,138173.35,Yes
MSL-00423,65,Skilled Nursing,6891.84,Suite,3,0,No,12,2,31.5,7,806284.09,No
MSL-00424,20,Independent Living,2447.88,1BR,3,2,No,47,0,48.2,10,37428.9,No
MSL-00425,67,Skilled Nursing,7280.66,Suite,1,4,No,35,3,106.4,4,411010.63,Yes
MSL-00426,51,Memory Care,4941.07,2BR,2,5,No,99,2,53.0,2,651411.05,Yes
MSL-00427,79,Independent Living,2489.92,Studio,3,2,No,15,3,41.9,2,203834.94,No
MSL-00428,49,Independent Living,2797.58,1BR,1,0,No,5,3,37.8,4,185063.02,Yes
MSL-00429,89,Memory Care,5395.99,2BR,1,2,Yes,10,1,18.5,6,203925.1,No
MSL-00430,39,Memory Care,5493.55,2BR,3,4,No,35,1,173.0,1,121670.36,No
MSL-00431,91,Skilled Nursing,7948.69,Studio,1,2,No,38,2,18.2,4,1560923.28,No
MSL-00432,59,Memory Care,5662.52,Studio,1,2,No,13,0,135.4,6,414011.86,No
MSL-00433,74,Memory Care,4544.3,2BR,3,3,No,50,2,32.4,4,110868.8,No
MSL-00434,4,Memory Care,5701.18,2BR,2,2,No,72,3,54.8,1,18796.58,Yes
MSL-00435,2,Memory Care,5575.29,1BR,3,3,Yes,6,1,44.4,7,14817.55,No
MSL-00436,13,Skilled Nursing,6026.18,Suite,2,2,No,74,1,4.9,4,43254.27,No
MSL-00437,13,Skilled Nursing,6857.22,1BR,3,2,No,34,3,8.8,6,61774.24,No
MSL-00438,62,Memory Care,4359.39,2BR,3,4,No,2,3,19.7,10,220363.92,No
MSL-00439,52,Skilled Nursing,6777.89,1BR,3,1,Yes,100,1,19.6,9,349837.14,No
MSL-00440,38,Independent Living,2747.38,2BR,2,2,No,61,2,42.6,9,86598.1,No
MSL-00441,10,Memory Care,5295.21,1BR,3,3,No,88,5,40.2,3,73687.21,No
MSL-00442,90,Skilled Nursing,7782.09,Studio,1,4,No,16,1,70.7,10,1460855.39,No
MSL-00443,34,Skilled Nursing,7025.06,2BR,1,3,No,65,1,72.9,8,257578.93,No
MSL-00444,3,Skilled Nursing,6140.31,2BR,3,4,No,19,2,25.6,1,17471.31,No
MSL-00445,60,Memory Care,5081.96,2BR,3,5,No,96,0,24.3,3,231162.69,No
MSL-00446,83,Independent Living,2172.59,Studio,3,2,No,68,1,23.0,2,158356.88,Yes
MSL-00447,52,Skilled Nursing,6891.71,1BR,2,1,No,68,3,103.3,1,420371.61,No
MSL-00448,29,Skilled Nursing,5627.9,Studio,3,1,No,90,0,25.9,2,149519.36,No
MSL-00449,24,Independent Living,2600.66,2BR,2,1,No,74,3,20.2,2,74703.02,No
MSL-00450,57,Skilled Nursing,8071.76,Studio,3,4,No,8,1,33.6,7,576361.97,No
MSL-00451,72,Memory Care,6349.74,Studio,1,3,No,11,3,74.4,10,654972.79,No
MSL-00452,40,Independent Living,2604.82,1BR,3,4,Yes,28,0,65.6,8,155658.4,Yes
MSL-00453,54,Independent Living,2115.13,Studio,3,8,No,38,1,9.2,9,239701.5,No
MSL-00454,59,Skilled Nursing,6334.4,1BR,2,3,No,20,1,38.0,10,206063.57,No
MSL-00455,58,Skilled Nursing,5875.74,Studio,3,1,No,26,3,19.5,9,289131.04,No
MSL-00456,3,Independent Living,2439.02,1BR,3,3,Yes,2,1,35.9,6,7363.44,No
MSL-00457,57,Independent Living,2304.76,1BR,3,5,No,12,0,6.0,8,96677.93,No
MSL-00458,12,Independent Living,2374.44,1BR,2,4,No,75,3,77.4,8,19059.77,Yes
MSL-00459,92,Memory Care,5445.7,Studio,2,2,No,75,3,69.6,9,795738.73,No
MSL-00460,51,Independent Living,2284.65,Studio,3,5,Yes,35,0,81.0,2,171942.54,Yes
MSL-00461,53,Independent Living,2831.98,Studio,2,1,No,37,0,138.6,6,169209.44,Yes
MSL-00462,72,Independent Living,2703.19,Studio,2,3,No,4,3,88.3,5,196878.98,Yes
MSL-00463,5,Independent Living,2707.41,Studio,2,2,No,21,2,117.8,9,21905.2,No
MSL-00464,43,Independent Living,2807.95,Suite,1,1,No,15,0,4.7,7,187400.04,No
MSL-00465,83,Independent Living,2203.61,Studio,2,3,No,94,2,15.7,5,132012.83,No
MSL-00466,90,Skilled Nursing,7484.74,2BR,3,4,No,16,1,55.7,7,678644.83,No
MSL-00467,1,Skilled Nursing,7286.39,1BR,3,1,No,3,3,34.6,1,7808.3,No
MSL-00468,51,Independent Living,2334.29,Studio,3,4,No,56,0,24.6,3,100833.83,Yes
MSL-00469,31,Skilled Nursing,8391.59,1BR,2,2,No,34,1,78.0,9,165127.84,No
MSL-00470,21,Independent Living,2560.69,Studio,2,2,No,100,4,67.2,4,26854.13,Yes
MSL-00471,35,Skilled Nursing,7001.53,1BR,3,3,No,63,1,125.7,1,305325.55,No
MSL-00472,64,Skilled Nursing,7279.52,Studio,3,1,No,10,2,1.0,7,348825.49,No
MSL-00473,9,Independent Living,2119.97,1BR,1,6,No,40,0,121.6,2,19966.93,Yes
MSL-00474,10,Independent Living,2765.25,1BR,3,3,No,12,2,66.0,5,29746.32,No
MSL-00475,49,Independent Living,2219.22,1BR,1,3,No,58,4,22.9,6,132276.68,No
MSL-00476,79,Skilled Nursing,7229.71,Studio,1,3,No,42,1,57.2,10,545475.19,No
MSL-00477,66,Independent Living,1803.49,1BR,2,2,No,84,3,150.7,6,122626.61,No
MSL-00478,22,Skilled Nursing,6488.1,1BR,3,1,No,92,0,43.7,7,88918.3,No
MSL-00479,94,Independent Living,2263.9,Suite,2,6,No,37,2,42.4,2,150040.0,Yes
MSL-00480,86,Memory Care,4986.46,Studio,1,2,No,78,2,23.2,3,535726.3,No
MSL-00481,13,Memory Care,4904.47,2BR,1,3,No,31,1,80.9,5,51129.47,No
MSL-00482,28,Skilled Nursing,6683.96,1BR,3,2,No,41,2,26.4,2,146899.37,No
MSL-00483,73,Independent Living,2271.64,Studio,2,2,No,39,1,38.0,6,340475.4,No
MSL-00484,58,Memory Care,5770.91,Studio,1,1,No,95,3,59.7,7,406573.64,No
MSL-00485,4,Skilled Nursing,7747.46,Studio,1,1,No,85,0,20.1,2,32392.35,No
MSL-00486,40,Memory Care,5391.49,Studio,3,6,No,59,0,3.5,9,241966.77,No
MSL-00487,67,Memory Care,5284.71,2BR,2,2,No,40,2,56.9,1,421418.6,No
MSL-00488,16,Independent Living,2518.3,1BR,1,1,No,62,1,177.5,4,62483.67,Yes
MSL-00489,88,Independent Living,1651.76,2BR,3,1,No,75,1,10.8,8,241370.77,No
MSL-00490,76,Skilled Nursing,6202.85,1BR,3,5,No,36,1,41.8,10,900067.27,No
MSL-00491,88,Independent Living,2455.39,Studio,2,3,No,18,1,80.7,10,184377.66,Yes
MSL-00492,89,Independent Living,2460.3,Studio,1,1,No,80,2,45.1,7,257836.2,Yes
MSL-00493,41,Independent Living,2872.98,2BR,1,0,No,79,0,96.7,10,145247.84,Yes
MSL-00494,23,Skilled Nursing,6890.55,Studio,1,5,No,93,0,24.8,10,503131.61,No
MSL-00495,50,Independent Living,2271.16,1BR,3,4,No,77,1,57.7,5,177042.07,Yes
MSL-00496,45,Memory Care,5605.66,2BR,1,1,No,75,2,66.7,5,362220.47,No
MSL-00497,71,Skilled Nursing,5071.56,1BR,1,3,No,77,2,10.2,2,304090.41,No
MSL-00498,68,Independent Living,2478.82,Studio,1,2,No,39,0,37.7,6,107325.59,No
MSL-00499,56,Memory Care,5265.97,2BR,2,1,No,52,5,59.0,8,444569.34,No
MSL-00500,18,Independent Living,2321.64,2BR,3,3,No,4,3,14.1,6,76524.26,No
MSL-00501,81,Memory Care,6000.48,1BR,3,7,No,0,1,24.8,6,605085.3,No
MSL-00502,70,Independent Living,2397.23,2BR,1,4,No,10,2,36.9,7,101492.73,Yes
MSL-00503,0,Skilled Nursing,7350.8,1BR,3,4,No,48,0,39.3,8,928.77,Yes
MSL-00504,48,Independent Living,2202.68,2BR,3,4,No,34,3,109.4,4,146154.77,No
MSL-00505,16,Memory Care,5062.03,2BR,3,2,No,60,1,55.5,5,49926.93,No
MSL-00506,83,Independent Living,3112.86,Studio,2,1,No,83,1,11.9,7,420221.18,No
MSL-00507,21,Skilled Nursing,7375.73,2BR,2,2,No,35,0,101.8,7,167256.75,No
MSL-00508,14,Skilled Nursing,8042.16,Studio,2,4,No,86,0,33.7,2,220269.0,No
MSL-00509,33,Memory Care,4614.73,Studio,3,7,No,13,1,41.3,1,72194.37,No
MSL-00510,94,Independent Living,2299.19,1BR,3,4,Yes,99,1,126.9,9,162647.71,No
MSL-00511,61,Skilled Nursing,7072.9,Suite,3,4,No,78,2,29.0,2,513309.36,No
MSL-00512,72,Memory Care,5009.42,1BR,1,4,No,5,1,67.3,6,979645.71,No
MSL-00513,77,Skilled Nursing,6046.33,Studio,3,4,No,84,1,23.0,7,812479.46,No
MSL-00514,87,Skilled Nursing,6970.79,Studio,3,2,No,56,0,97.9,3,365313.96,No
MSL-00515,51,Independent Living,2389.73,Studio,3,3,No,54,0,39.3,7,74492.81,No
MSL-00516,50,Independent Living,2717.55,Suite,1,2,Yes,52,1,36.6,5,168472.54,No
MSL-00517,0,Independent Living,2206.33,1BR,1,0,No,26,0,3.1,4,0.0,Yes
MSL-00518,4,Skilled Nursing,9022.7,2BR,2,2,No,99,3,72.1,10,17776.98,No
MSL-00519,51,Memory Care,5186.81,2BR,2,2,No,3,0,22.1,5,247589.59,No
MSL-00520,15,Skilled Nursing,5728.06,1BR,3,3,No,39,1,77.7,4,108464.67,No
MSL-00521,95,Skilled Nursing,6925.45,2BR,3,2,No,51,2,52.6,8,556965.46,No
MSL-00522,50,Independent Living,2898.39,1BR,3,4,No,90,1,56.9,10,145317.98,No
MSL-00523,15,Skilled Nursing,5481.77,1BR,3,2,No,34,0,35.5,6,81648.54,No
MSL-00524,37,Memory Care,5337.26,Studio,3,2,No,97,1,38.0,8,199722.71,No
MSL-00525,50,Independent Living,2513.02,Studio,2,3,No,77,1,17.5,1,116595.78,No
MSL-00526,7,Independent Living,2547.1,Studio,3,3,No,51,1,11.3,3,10382.24,No
MSL-00527,81,Independent Living,2443.55,1BR,1,1,No,83,1,125.5,3,242110.03,Yes
MSL-00528,56,Independent Living,2455.83,Suite,3,2,No,92,3,110.5,8,89839.52,Yes
MSL-00529,28,Memory Care,5352.06,2BR,3,3,No,0,2,11.5,6,128209.87,No
MSL-00530,43,Memory Care,5365.6,Studio,1,7,No,37,3,15.8,9,219461.35,No
MSL-00531,2,Skilled Nursing,7915.92,1BR,2,4,No,76,2,40.0,3,9129.57,No
MSL-00532,82,Independent Living,2342.23,Studio,3,2,No,32,0,28.6,4,210375.29,No
MSL-00533,69,Independent Living,2685.34,Suite,1,1,No,51,2,46.2,10,129075.77,No
MSL-00534,78,Skilled Nursing,6600.75,2BR,3,2,No,6,2,22.3,7,378382.77,No
MSL-00535,44,Independent Living,1933.92,Studio,3,4,No,26,3,40.9,6,70669.69,No
MSL-00536,69,Independent Living,2686.76,Studio,3,4,No,21,1,33.6,7,520693.43,No
MSL-00537,26,Memory Care,4849.22,Suite,1,1,No,57,0,65.5,3,142391.04,No
MSL-00538,68,Memory Care,4340.35,1BR,2,1,No,94,2,55.7,4,609388.72,No
MSL-00539,17,Skilled Nursing,7467.26,2BR,3,2,No,24,2,59.7,7,87669.72,No
MSL-00540,89,Independent Living,2544.5,2BR,2,1,No,20,3,29.8,8,306216.94,Yes
MSL-00541,48,Skilled Nursing,5618.33,2BR,2,1,Yes,30,0,11.0,2,202522.65,No
MSL-00542,61,Memory Care,4055.12,Suite,1,2,No,80,0,135.8,6,261875.15,No
MSL-00543,89,Independent Living,3059.08,Studio,3,3,No,31,2,96.1,8,169346.55,No
MSL-00544,29,Independent Living,2703.62,1BR,3,2,No,64,0,39.6,5,89577.31,Yes
MSL-00545,69,Skilled Nursing,6630.89,1BR,3,6,Yes,59,1,18.9,1,586151.68,No
MSL-00546,1,Skilled Nursing,5114.23,1BR,2,4,No,56,0,79.0,2,5566.3,Yes
MSL-00547,2,Independent Living,2094.87,Studio,2,1,Yes,98,0,5.1,2,3479.36,No
MSL-00548,38,Independent Living,2510.7,1BR,2,6,No,84,0,159.0,5,77033.19,No
MSL-00549,27,Independent Living,2930.97,2BR,2,3,No,50,1,56.1,5,31048.64,Yes
MSL-00550,90,Independent Living,2380.07,2BR,3,2,No,43,3,14.4,3,96146.12,No
MSL-00551,80,Memory Care,5635.81,1BR,3,4,No,14,2,19.7,1,311085.43,Yes
MSL-00552,62,Skilled Nursing,6239.27,1BR,1,2,No,45,1,28.3,6,437467.91,No
MSL-00553,44,Independent Living,2214.71,2BR,3,3,No,59,3,182.6,3,62312.01,Yes
MSL-00554,11,Independent Living,2729.2,1BR,1,4,Yes,40,1,34.3,4,16033.89,Yes
MSL-00555,90,Memory Care,3800.0,2BR,1,8,No,42,3,66.0,6,532421.19,No
MSL-00556,88,Independent Living,2414.59,Suite,3,2,No,51,0,5.1,8,137068.3,No
MSL-00557,93,Independent Living,2244.15,1BR,3,3,No,35,2,64.4,6,164539.46,Yes
MSL-00558,43,Skilled Nursing,7289.55,2BR,2,4,No,67,0,91.5,8,358955.95,No
MSL-00559,78,Memory Care,5370.42,Studio,3,6,No,53,1,31.2,4,283447.67,No
MSL-00560,5,Independent Living,1994.73,Suite,3,2,No,12,0,21.6,7,9228.0,Yes
MSL-00561,49,Independent Living,2577.67,Studio,3,2,No,15,0,28.7,1,128111.45,Yes
MSL-00562,79,Independent Living,1967.27,Studio,3,2,No,62,1,47.7,4,173236.15,Yes
MSL-00563,88,Independent Living,2688.67,1BR,3,1,No,31,2,43.1,9,397901.14,No
MSL-00564,94,Memory Care,5487.56,Studio,3,3,No,14,2,45.5,1,255997.81,No
MSL-00565,41,Memory Care,5564.92,Studio,2,2,No,85,1,21.9,5,83709.45,No
MSL-00566,36,Independent Living,2530.99,2BR,3,2,No,88,4,31.7,4,96570.8,No
MSL-00567,12,Memory Care,5473.91,Studio,2,3,No,18,1,66.7,7,110238.78,No
MSL-00568,69,Memory Care,5156.23,2BR,3,1,No,51,0,19.5,5,317094.67,No
MSL-00569,65,Memory Care,4415.29,2BR,2,1,No,25,0,20.6,2,258644.08,No
MSL-00570,51,Skilled Nursing,5898.42,Suite,3,1,No,9,4,3.0,7,233282.77,No
MSL-00571,83,Memory Care,4812.49,1BR,1,2,No,67,1,39.2,9,548099.37,No
MSL-00572,71,Skilled Nursing,7898.11,Studio,3,1,No,34,1,158.9,5,458755.62,No
MSL-00573,49,Skilled Nursing,6182.64,2BR,3,2,Yes,45,2,90.8,7,246996.73,No
MSL-00574,27,Skilled Nursing,6453.67,1BR,2,1,No,47,1,21.6,7,170440.4,No
MSL-00575,33,Skilled Nursing,5966.95,2BR,1,3,Yes,41,1,37.7,2,117572.66,No
MSL-00576,39,Skilled Nursing,8199.95,Studio,3,1,No,12,3,17.7,6,350661.47,No
MSL-00577,32,Skilled Nursing,5160.47,Studio,2,1,No,2,2,11.0,3,64798.68,No
MSL-00578,4,Memory Care,6020.65,1BR,1,5,No,78,0,131.1,3,32018.85,Yes
MSL-00579,56,Independent Living,2105.6,Studio,3,4,No,0,2,49.0,7,137656.67,Yes
MSL-00580,38,Memory Care,5494.73,Suite,2,4,No,22,1,5.5,8,259061.08,No
MSL-00581,51,Skilled Nursing,7037.82,2BR,3,1,No,15,0,35.7,5,241876.82,No
MSL-00582,63,Independent Living,2774.46,Studio,3,4,No,48,0,64.6,8,258775.61,No
MSL-00583,17,Skilled Nursing,6658.78,1BR,3,2,No,64,0,54.0,2,111915.21,Yes
MSL-00584,20,Memory Care,4532.55,Suite,3,5,Yes,77,0,220.0,2,133927.62,Yes
MSL-00585,83,Skilled Nursing,8117.65,1BR,3,3,No,18,2,103.5,7,693705.22,No
MSL-00586,40,Skilled Nursing,6444.14,1BR,3,2,No,34,1,37.8,6,302620.53,No
MSL-00587,92,Memory Care,4640.78,2BR,3,2,No,92,1,117.1,4,351550.65,No
MSL-00588,80,Skilled Nursing,6628.77,Studio,3,0,No,97,1,20.6,1,283797.63,No
MSL-00589,22,Skilled Nursing,6379.44,Suite,3,1,Yes,75,1,24.6,7,112179.17,No
MSL-00590,87,Skilled Nursing,6841.06,1BR,3,3,No,99,0,104.9,4,661580.38,No
MSL-00591,37,Independent Living,2360.63,Studio,2,5,No,81,2,8.5,7,76436.84,Yes
MSL-00592,22,Memory Care,6408.91,Studio,2,2,No,50,3,125.5,1,93258.64,No
MSL-00593,42,Skilled Nursing,7357.02,Studio,2,2,No,52,1,57.2,5,272023.93,No
MSL-00594,57,Independent Living,2189.68,1BR,3,1,No,38,2,11.5,3,95659.25,No
MSL-00595,41,Memory Care,4487.75,2BR,3,4,No,27,1,39.4,3,183649.28,No
MSL-00596,21,Memory Care,5194.73,1BR,3,0,Yes,30,1,69.4,4,200726.95,No
MSL-00597,25,Memory Care,5315.38,Studio,1,6,Yes,10,2,27.4,10,285307.43,No
MSL-00598,80,Independent Living,2017.22,1BR,1,3,No,66,2,190.4,10,131098.43,No
MSL-00599,21,Skilled Nursing,6736.51,Studio,3,1,No,38,4,32.1,10,141221.58,No
MSL-00600,47,Memory Care,5793.37,1BR,3,4,No,31,3,15.9,6,98732.71,No
MSL-00601,80,Memory Care,5777.63,Studio,1,4,No,77,1,15.8,4,442769.61,No
MSL-00602,44,Independent Living,2102.69,Studio,3,1,No,63,2,25.9,3,61329.57,No
MSL-00603,4,Skilled Nursing,6016.09,Studio,3,0,No,61,4,39.3,7,24661.05,No
MSL-00604,79,Independent Living,2499.17,1BR,3,2,No,14,0,108.8,3,86204.62,Yes
MSL-00605,52,Independent Living,2340.2,2BR,2,4,No,46,0,24.0,7,93876.47,Yes
MSL-00606,72,Skilled Nursing,6470.83,2BR,2,3,Yes,15,2,48.7,5,215936.97,No
MSL-00607,48,Memory Care,5561.16,2BR,3,3,Yes,41,2,10.9,5,210613.21,No
MSL-00608,54,Memory Care,5264.41,1BR,1,2,No,15,2,18.3,7,698797.33,No
MSL-00609,78,Independent Living,2374.77,1BR,2,2,No,11,1,34.6,5,107068.89,No
MSL-00610,72,Skilled Nursing,7226.57,1BR,3,3,Yes,51,1,32.1,5,289034.63,No
MSL-00611,22,Memory Care,5521.35,Studio,3,3,No,93,1,32.3,9,104010.75,No
MSL-00612,92,Independent Living,2317.87,1BR,2,1,No,44,1,52.6,10,126530.58,No
MSL-00613,87,Memory Care,7057.4,1BR,3,4,Yes,61,1,2.0,4,918927.38,No
MSL-00614,52,Skilled Nursing,7348.54,1BR,2,1,No,41,2,11.6,8,225325.68,No
MSL-00615,66,Memory Care,7200.0,Suite,2,4,Yes,66,2,52.8,3,220850.71,No
MSL-00616,43,Independent Living,3033.81,1BR,2,1,No,24,3,32.9,8,148852.91,No
MSL-00617,84,Memory Care,5572.96,2BR,3,2,No,90,3,18.1,10,736480.17,No
MSL-00618,39,Memory Care,4963.16,2BR,1,5,No,87,1,34.3,1,186487.32,No
MSL-00619,84,Skilled Nursing,8251.92,Suite,3,4,No,14,2,46.2,3,456380.14,Yes
MSL-00620,28,Skilled Nursing,6460.71,2BR,3,0,Yes,63,5,33.0,7,197338.22,No
MSL-00621,54,Independent Living,2776.67,1BR,2,2,No,17,2,35.0,4,174522.68,Yes
MSL-00622,83,Independent Living,2961.34,2BR,3,2,No,14,1,17.5,3,377774.64,No
MSL-00623,60,Independent Living,2273.91,Suite,3,2,No,7,1,34.8,10,156106.03,No
MSL-00624,14,Skilled Nursing,6821.11,Studio,3,2,No,85,4,160.9,2,34378.77,No
MSL-00625,6,Independent Living,2666.5,1BR,3,2,Yes,95,0,55.3,4,14797.08,Yes
MSL-00626,77,Skilled Nursing,7086.32,2BR,3,1,No,5,3,43.5,2,387313.22,No
MSL-00627,75,Memory Care,5215.94,Studio,3,6,No,14,0,11.5,10,311597.56,No
MSL-00628,18,Memory Care,5718.84,Suite,2,1,No,96,2,14.4,9,28145.04,No
MSL-00629,59,Memory Care,4626.87,1BR,3,3,No,61,1,9.4,5,195217.77,No
MSL-00630,88,Independent Living,2221.98,2BR,3,3,No,64,2,3.0,7,98462.93,No
MSL-00631,60,Independent Living,1712.65,1BR,2,3,No,96,2,90.7,1,121507.16,Yes
MSL-00632,59,Skilled Nursing,7377.76,Studio,2,3,Yes,27,1,14.2,8,382210.9,No
MSL-00633,42,Independent Living,2082.88,1BR,3,4,No,64,1,51.4,2,92775.76,Yes
MSL-00634,51,Independent Living,2890.85,1BR,3,4,No,28,2,81.7,5,201493.34,Yes
MSL-00635,5,Memory Care,5631.6,2BR,1,1,No,56,1,76.3,9,19752.56,No
MSL-00636,22,Independent Living,2527.9,2BR,2,2,No,91,2,72.8,9,55410.42,No
MSL-00637,1,Independent Living,2789.54,Studio,3,2,No,61,3,168.9,9,3565.14,No
MSL-00638,76,Skilled Nursing,7325.27,2BR,3,1,No,18,3,1.1,10,1183824.46,Yes
MSL-00639,67,Independent Living,2049.22,1BR,2,1,No,57,0,11.9,4,292485.0,No
MSL-00640,75,Independent Living,2409.11,Studio,3,2,Yes,2,1,25.0,8,225494.58,No
MSL-00641,62,Independent Living,2362.7,Suite,2,3,No,81,2,49.1,5,101290.7,Yes
MSL-00642,85,Memory Care,5312.59,1BR,2,2,No,37,0,65.9,10,1276604.47,No
MSL-00643,28,Skilled Nursing,5725.95,1BR,3,5,Yes,97,0,11.7,10,267325.74,No
MSL-00644,56,Skilled Nursing,5470.39,Studio,2,1,No,65,2,36.8,10,485621.42,No
MSL-00645,34,Skilled Nursing,7103.79,1BR,2,1,No,66,2,27.4,7,430689.32,No
MSL-00646,94,Skilled Nursing,6063.59,Studio,3,2,No,91,1,44.3,2,464288.78,No
MSL-00647,7,Independent Living,1798.15,1BR,3,2,No,25,2,16.2,9,7823.8,No
MSL-00648,33,Independent Living,2847.51,Studio,3,1,No,55,3,45.1,6,90562.17,No
MSL-00649,75,Independent Living,2628.49,2BR,2,3,No,7,0,18.9,1,240735.09,No
MSL-00650,20,Skilled Nursing,6099.38,2BR,1,0,No,89,0,66.6,8,116914.57,No
MSL-00651,44,Skilled Nursing,6539.36,Studio,3,3,No,48,0,13.6,4,201355.89,No
MSL-00652,86,Independent Living,2255.13,2BR,3,2,No,87,0,14.9,4,501838.36,No
MSL-00653,92,Skilled Nursing,5344.91,2BR,1,2,Yes,86,2,17.8,8,769126.61,No
MSL-00654,63,Independent Living,2828.3,2BR,1,1,No,45,0,80.9,6,153714.17,No
MSL-00655,81,Memory Care,4276.05,Studio,3,2,No,75,2,44.7,1,1268721.96,No
MSL-00656,52,Skilled Nursing,6575.84,2BR,3,1,No,77,4,5.2,3,158199.71,No
MSL-00657,52,Independent Living,1967.87,2BR,2,2,No,25,2,84.1,1,64014.45,Yes
MSL-00658,76,Memory Care,5437.69,Suite,3,5,No,48,1,25.0,8,634165.81,No
MSL-00659,7,Skilled Nursing,6502.35,Suite,2,3,No,21,1,49.0,3,64614.52,No
MSL-00660,63,Skilled Nursing,6436.22,1BR,2,1,No,12,2,12.0,3,213870.71,No
MSL-00661,79,Skilled Nursing,5812.52,2BR,1,3,No,35,0,75.3,10,572137.18,No
MSL-00662,57,Skilled Nursing,8096.31,1BR,3,2,No,14,1,21.3,6,336248.17,No
MSL-00663,53,Skilled Nursing,7813.72,1BR,2,5,No,49,2,52.5,7,244803.69,No
MSL-00664,85,Independent Living,2437.64,1BR,2,4,No,94,1,42.2,9,332490.62,No
MSL-00665,81,Independent Living,2369.47,2BR,3,4,No,11,2,21.9,3,139510.08,No
MSL-00666,24,Independent Living,2293.76,1BR,3,3,No,57,1,16.7,10,64135.82,Yes
MSL-00667,94,Independent Living,2796.17,2BR,3,4,No,28,1,71.3,8,133165.81,Yes
MSL-00668,38,Independent Living,2422.73,2BR,2,3,Yes,68,1,44.9,4,30718.95,No
MSL-00669,88,Independent Living,2085.63,2BR,2,2,No,27,2,29.9,9,52532.16,No
MSL-00670,14,Memory Care,4888.95,Studio,1,1,No,43,0,21.8,4,93765.99,No
MSL-00671,91,Independent Living,2503.44,Studio,3,0,No,50,1,19.9,5,156101.66,No
MSL-00672,61,Memory Care,5849.86,1BR,1,3,No,43,1,11.1,2,267066.1,No
MSL-00673,30,Independent Living,2213.25,1BR,2,1,No,18,0,22.9,7,50405.9,Yes
MSL-00674,61,Independent Living,2327.02,1BR,2,4,No,96,0,24.5,5,100291.7,Yes
MSL-00675,2,Memory Care,5092.2,1BR,2,1,No,18,0,34.2,1,11002.94,No
MSL-00676,21,Independent Living,2658.08,1BR,3,3,No,86,0,32.9,9,94772.07,No
MSL-00677,51,Independent Living,2174.37,2BR,1,3,No,89,2,15.4,4,55872.26,No
MSL-00678,21,Independent Living,2497.69,Studio,1,1,Yes,76,3,40.3,1,38557.64,No
MSL-00679,25,Skilled Nursing,8135.1,1BR,3,0,No,41,2,47.0,5,336280.51,No
MSL-00680,30,Independent Living,2259.18,Studio,3,3,No,57,2,31.7,5,38069.76,No
MSL-00681,39,Memory Care,4323.85,Suite,3,7,No,6,0,28.1,5,124348.8,No
MSL-00682,51,Skilled Nursing,5912.73,1BR,3,2,No,47,1,41.4,9,302878.5,No
MSL-00683,76,Independent Living,2475.59,Studio,3,3,No,51,2,39.9,4,140339.89,No
MSL-00684,27,Skilled Nursing,7152.39,2BR,2,1,No,93,0,84.2,5,90850.0,No
MSL-00685,96,Memory Care,4918.86,1BR,2,3,No,36,1,15.9,5,300028.24,No
MSL-00686,59,Skilled Nursing,8560.61,Studio,3,2,Yes,3,2,94.0,6,486089.24,No
MSL-00687,30,Skilled Nursing,6955.91,Studio,2,3,Yes,94,0,27.4,1,184502.56,No
MSL-00688,9,Independent Living,2556.69,Suite,2,1,No,11,2,7.1,10,22620.58,Yes
MSL-00689,40,Independent Living,3008.39,Suite,3,1,No,0,0,31.1,9,160303.16,No
MSL-00690,53,Independent Living,2639.27,Studio,3,1,No,71,1,42.3,9,330133.64,No
MSL-00691,41,Skilled Nursing,7035.97,Studio,3,5,Yes,12,1,72.2,5,365378.45,No
MSL-00692,86,Skilled Nursing,6692.82,2BR,3,1,Yes,3,0,19.3,8,1107469.94,No
MSL-00693,59,Independent Living,2843.1,2BR,3,2,No,10,2,70.0,6,145687.33,Yes
MSL-00694,93,Memory Care,5309.87,1BR,3,5,No,59,3,103.7,6,328259.26,No
MSL-00695,68,Skilled Nursing,6766.9,1BR,3,2,Yes,77,1,53.9,6,569850.19,No
MSL-00696,91,Independent Living,2374.09,1BR,1,2,No,17,2,95.8,3,157510.28,No
MSL-00697,14,Independent Living,2164.21,1BR,1,0,No,76,1,78.3,2,35160.43,No
MSL-00698,6,Skilled Nursing,8310.37,Studio,3,2,No,24,1,59.5,7,72516.21,No
MSL-00699,39,Independent Living,2179.85,Studio,3,1,No,65,1,10.1,6,71807.58,No
MSL-00700,92,Independent Living,2598.46,2BR,2,3,No,15,0,25.7,5,215963.35,No
MSL-00701,16,Independent Living,3024.54,1BR,1,5,No,55,3,64.8,10,43479.52,Yes
MSL-00702,55,Memory Care,3984.36,2BR,2,4,No,65,2,82.3,9,171651.76,No
MSL-00703,48,Independent Living,2402.06,1BR,3,0,No,8,0,18.1,1,75546.12,Yes
MSL-00704,80,Skilled Nursing,5556.41,2BR,2,5,Yes,49,0,23.0,5,384298.39,No
MSL-00705,1,Memory Care,5583.41,2BR,2,2,No,59,2,29.1,8,5518.55,No
MSL-00706,58,Skilled Nursing,6618.43,2BR,3,0,No,8,5,74.7,10,144375.61,No
MSL-00707,0,Independent Living,2895.41,Studio,2,2,No,78,1,69.0,3,0.0,Yes
MSL-00708,69,Skilled Nursing,7480.54,Studio,3,3,Yes,14,1,63.6,9,483323.6,No
MSL-00709,21,Memory Care,4723.59,1BR,2,2,No,6,4,42.0,9,42644.16,No
MSL-00710,96,Independent Living,1956.7,Studio,3,3,No,54,1,41.4,9,262156.88,No
MSL-00711,54,Memory Care,5658.87,Studio,1,0,No,25,3,35.9,5,477937.35,No
MSL-00712,72,Skilled Nursing,6299.89,Suite,3,1,No,29,4,74.7,5,646260.75,No
MSL-00713,31,Independent Living,2538.17,2BR,3,3,No,76,1,26.8,9,44361.3,No
MSL-00714,39,Independent Living,2366.35,1BR,3,4,Yes,45,2,43.6,6,212582.14,No
MSL-00715,11,Independent Living,2312.4,1BR,2,3,No,66,1,22.7,5,21441.79,No
MSL-00716,14,Skilled Nursing,7315.08,1BR,2,1,No,33,2,2.5,3,91682.26,No
MSL-00717,16,Independent Living,2387.4,Studio,1,1,No,75,1,79.7,4,29409.44,Yes
MSL-00718,8,Independent Living,2245.53,1BR,3,4,No,94,0,31.4,1,13227.07,No
MSL-00719,28,Independent Living,2464.72,Studio,3,2,No,10,1,78.1,7,114953.22,No
MSL-00720,79,Independent Living,2469.68,Studio,2,2,Yes,56,4,16.3,6,227283.51,No
MSL-00721,4,Skilled Nursing,7018.15,1BR,1,1,No,78,0,6.8,2,24985.91,No
MSL-00722,7,Independent Living,2617.64,2BR,3,5,Yes,12,2,8.8,6,17826.48,No
MSL-00723,56,Independent Living,2416.12,1BR,3,3,No,72,0,47.0,1,40185.0,Yes
MSL-00724,92,Memory Care,6315.42,1BR,3,3,No,99,0,115.5,6,516461.75,No
MSL-00725,75,Skilled Nursing,7673.49,1BR,2,1,No,88,2,27.3,5,339918.06,No
MSL-00726,69,Memory Care,5908.19,2BR,3,3,No,35,0,8.1,8,271670.31,No
MSL-00727,64,Independent Living,2432.69,1BR,1,6,No,79,2,69.1,1,199820.74,No
MSL-00728,24,Independent Living,2460.5,1BR,3,4,No,7,1,20.1,1,70419.67,Yes
MSL-00729,2,Independent Living,2308.17,Suite,2,5,No,69,1,102.0,1,2321.76,Yes
MSL-00730,75,Memory Care,5117.09,1BR,2,0,No,81,0,17.2,7,496219.86,No
MSL-00731,35,Skilled Nursing,6521.49,Studio,2,2,No,44,0,97.6,9,243064.29,No
MSL-00732,56,Independent Living,2208.64,2BR,3,4,No,26,1,55.1,1,159300.9,No
MSL-00733,86,Skilled Nursing,6481.6,Studio,1,5,Yes,60,0,92.9,1,508164.59,No
MSL-00734,3,Memory Care,5795.11,Studio,1,2,No,87,1,45.1,7,10747.29,No
MSL-00735,71,Independent Living,2394.04,2BR,3,5,No,23,1,93.3,8,110601.82,Yes
MSL-00736,94,Memory Care,5530.43,2BR,2,4,Yes,98,0,41.5,2,476026.78,Yes
MSL-00737,2,Independent Living,1978.4,2BR,2,3,No,55,0,61.7,2,3870.65,Yes
MSL-00738,52,Independent Living,2196.14,Studio,1,2,No,69,1,11.6,10,95798.76,No
MSL-00739,6,Skilled Nursing,6941.74,1BR,2,5,No,28,0,103.9,8,55985.22,No
MSL-00740,24,Independent Living,1948.46,2BR,2,3,No,76,0,69.8,10,14622.5,Yes
MSL-00741,72,Independent Living,2226.54,1BR,2,1,No,95,3,6.6,5,198817.17,No
MSL-00742,72,Skilled Nursing,6754.41,Studio,3,3,Yes,80,1,14.9,10,742185.49,No
MSL-00743,84,Skilled Nursing,6958.07,1BR,2,1,No,23,2,24.2,5,530141.93,No
MSL-00744,8,Memory Care,5240.66,1BR,3,5,No,78,1,4.6,4,47691.85,No
MSL-00745,40,Skilled Nursing,7295.65,Suite,1,3,No,40,1,97.6,3,396938.44,No
MSL-00746,93,Memory Care,7081.32,Studio,2,3,Yes,90,1,49.0,4,634629.74,No
MSL-00747,81,Skilled Nursing,6975.14,1BR,2,5,No,6,1,19.5,10,590715.43,No
MSL-00748,16,Memory Care,5774.72,Studio,1,1,No,9,1,32.2,10,72995.52,No
MSL-00749,69,Memory Care,4883.84,2BR,3,0,No,7,3,159.6,1,189442.44,Yes
MSL-00750,88,Skilled Nursing,6562.15,1BR,1,2,No,49,3,34.1,2,274395.13,No
MSL-00751,64,Independent Living,2458.65,1BR,3,5,Yes,26,0,4.5,6,232434.48,No
MSL-00752,30,Skilled Nursing,5971.82,Studio,2,2,No,33,0,150.4,7,131609.86,No
MSL-00753,41,Skilled Nursing,7038.22,1BR,1,5,No,3,2,2.4,7,224621.04,No
MSL-00754,40,Skilled Nursing,5829.17,2BR,3,1,No,41,0,100.7,2,119810.67,No
MSL-00755,85,Independent Living,2068.4,Suite,3,0,No,71,1,36.9,6,175212.17,No
MSL-00756,29,Skilled Nursing,7235.93,Suite,1,0,No,15,1,41.1,2,313776.44,No
MSL-00757,67,Skilled Nursing,6602.02,Studio,3,3,No,27,2,29.9,5,224112.31,No
MSL-00758,3,Independent Living,2330.26,1BR,1,1,No,63,2,16.7,4,8954.19,No
MSL-00759,41,Independent Living,2495.22,1BR,3,1,No,99,1,5.1,10,106666.04,No
MSL-00760,89,Independent Living,2469.28,Studio,1,0,No,61,2,15.0,8,134142.4,Yes
MSL-00761,69,Skilled Nursing,6529.86,Suite,3,4,No,72,0,20.9,2,376669.63,No
MSL-00762,1,Skilled Nursing,6368.31,Suite,1,5,Yes,4,1,21.5,4,6782.08,No
MSL-00763,89,Skilled Nursing,6932.78,1BR,1,2,No,57,0,28.3,5,546783.69,Yes
MSL-00764,74,Memory Care,5353.59,Suite,3,2,No,37,4,135.7,4,624155.49,Yes
MSL-00765,25,Skilled Nursing,6645.56,1BR,3,0,No,44,4,31.5,8,267367.18,No
MSL-00766,43,Independent Living,2497.17,2BR,2,5,No,31,2,53.0,7,95715.98,No
MSL-00767,84,Skilled Nursing,6521.61,Studio,3,2,Yes,18,0,46.3,5,694472.25,Yes
MSL-00768,62,Independent Living,2011.07,Suite,2,4,No,23,0,23.8,1,89806.94,No
MSL-00769,93,Independent Living,2522.12,Studio,1,2,No,41,0,8.3,4,124463.3,No
MSL-00770,29,Skilled Nursing,7153.46,Suite,2,1,No,17,3,112.4,10,182314.33,No
MSL-00771,74,Independent Living,2358.84,Suite,2,3,No,28,1,60.7,1,176851.36,Yes
MSL-00772,69,Independent Living,2887.09,2BR,3,3,No,75,1,101.8,9,224463.1,Yes
MSL-00773,38,Independent Living,2406.7,Studio,1,1,No,61,1,45.7,2,72513.21,No
MSL-00774,30,Skilled Nursing,6539.55,2BR,3,0,No,31,1,85.3,1,349925.16,No
MSL-00775,24,Memory Care,5533.24,2BR,3,1,No,63,0,29.8,2,142314.19,No
MSL-00776,84,Skilled Nursing,7101.79,1BR,2,2,No,33,1,29.3,4,626813.76,No
MSL-00777,64,Skilled Nursing,7655.99,Studio,2,0,Yes,79,1,61.3,2,312241.27,No
MSL-00778,36,Skilled Nursing,6814.61,1BR,1,5,No,4,2,7.2,7,358346.91,Yes
MSL-00779,33,Memory Care,5481.3,2BR,3,6,No,89,4,60.1,8,136637.17,No
MSL-00780,29,Memory Care,5216.26,1BR,1,2,No,6,2,20.5,2,280138.97,Yes
MSL-00781,17,Independent Living,2599.68,Studio,2,1,No,20,3,33.0,3,33414.39,No
MSL-00782,53,Skilled Nursing,6820.61,Suite,2,6,Yes,53,2,40.7,1,460472.11,No
MSL-00783,76,Skilled Nursing,5170.38,2BR,2,1,No,11,1,22.2,5,1114857.54,No
MSL-00784,82,Independent Living,2328.36,Studio,1,4,Yes,12,3,24.3,10,345114.51,No
MSL-00785,79,Memory Care,5419.45,2BR,3,3,No,11,1,45.8,7,664326.99,No
MSL-00786,23,Independent Living,2306.46,Studio,3,1,No,40,1,62.9,9,79957.42,No
MSL-00787,57,Independent Living,2173.3,Studio,3,4,No,33,3,217.3,5,84117.56,No
MSL-00788,74,Skilled Nursing,7255.61,1BR,1,2,No,69,1,72.3,1,542276.06,No
MSL-00789,35,Skilled Nursing,5387.79,Suite,2,4,No,51,0,59.2,1,201284.84,No
MSL-00790,40,Memory Care,5094.97,1BR,3,3,No,31,3,5.4,8,321452.71,No
MSL-00791,12,Independent Living,1600.0,2BR,2,2,Yes,78,3,148.4,2,37172.36,Yes
MSL-00792,45,Independent Living,2103.97,2BR,3,3,No,91,0,111.7,4,115046.46,No
MSL-00793,55,Independent Living,2719.23,2BR,2,0,No,34,4,10.8,4,166549.36,No
MSL-00794,1,Skilled Nursing,7084.53,2BR,1,7,No,57,0,65.4,8,5577.94,No
MSL-00795,20,Independent Living,2382.23,2BR,3,4,No,24,1,49.8,6,45372.88,Yes
MSL-00796,63,Independent Living,2684.17,1BR,3,1,No,3,0,68.6,3,294648.7,No
MSL-00797,3,Skilled Nursing,6482.33,1BR,3,0,Yes,85,0,42.3,3,17128.91,No
MSL-00798,38,Independent Living,2822.77,Studio,3,4,Yes,53,0,41.2,4,63017.44,No
MSL-00799,11,Skilled Nursing,6605.66,1BR,2,4,Yes,20,1,107.2,6,86212.74,No
MSL-00800,63,Independent Living,2202.04,Studio,2,3,No,40,2,117.9,5,147258.06,No
MSL-00801,72,Memory Care,5391.22,1BR,3,3,No,94,1,14.7,9,475230.46,No
MSL-00802,83,Memory Care,6358.93,2BR,3,3,No,26,1,2.4,7,440486.54,Yes
MSL-00803,81,Memory Care,5464.9,Studio,2,1,No,51,1,7.8,2,292807.88,No
MSL-00804,85,Independent Living,2664.9,Studio,3,2,No,6,1,11.9,4,225943.67,Yes
MSL-00805,58,Memory Care,5308.18,2BR,2,1,No,15,3,21.2,8,351065.03,No
MSL-00806,90,Independent Living,1956.48,1BR,3,5,No,97,1,17.9,5,339765.41,No
MSL-00807,4,Independent Living,2107.62,Suite,1,3,No,21,1,121.1,8,10100.25,Yes
MSL-00808,67,Skilled Nursing,5935.95,Studio,3,3,No,27,4,47.3,1,492401.8,No
MSL-00809,55,Independent Living,2417.18,2BR,1,2,No,16,1,26.3,2,139644.64,No
MSL-00810,84,Independent Living,2471.21,1BR,2,2,No,78,4,67.9,10,142359.91,No
MSL-00811,76,Independent Living,2483.69,2BR,2,3,No,39,0,42.2,10,167364.69,No
MSL-00812,71,Memory Care,6021.46,Suite,3,1,No,31,1,34.9,3,401862.06,No
MSL-00813,93,Skilled Nursing,6162.45,1BR,1,3,No,5,0,14.2,2,1082759.49,No
MSL-00814,72,Independent Living,2951.93,Suite,1,1,Yes,60,2,20.2,3,125269.27,Yes
MSL-00815,27,Independent Living,2856.54,2BR,2,5,No,32,1,23.0,5,83851.26,No
MSL-00816,85,Independent Living,2498.77,1BR,3,5,No,91,1,10.6,8,138760.76,No
MSL-00817,44,Memory Care,5770.52,1BR,2,2,No,12,0,53.5,6,344523.17,No
MSL-00818,3,Independent Living,2395.07,1BR,3,1,No,67,2,43.1,8,6176.41,Yes
MSL-00819,51,Skilled Nursing,5008.73,Studio,1,4,No,96,2,20.6,8,373614.76,No
MSL-00820,28,Skilled Nursing,7676.78,1BR,1,3,No,37,1,39.5,4,321863.67,No
MSL-00821,7,Memory Care,5061.3,1BR,2,1,No,51,1,98.1,6,31880.99,No
MSL-00822,84,Skilled Nursing,6687.2,Studio,2,3,Yes,45,3,68.4,10,522633.69,No
MSL-00823,82,Memory Care,4514.7,2BR,1,2,No,32,0,50.5,7,343808.07,No
MSL-00824,31,Independent Living,2804.06,1BR,2,4,No,87,1,14.0,2,74366.43,No
MSL-00825,57,Independent Living,2241.97,Studio,3,6,No,88,0,126.1,5,90952.2,Yes
MSL-00826,75,Independent Living,2531.37,1BR,3,3,No,46,0,29.0,4,251122.34,No
MSL-00827,66,Independent Living,1940.12,Studio,3,1,No,47,2,81.0,6,253041.82,Yes
MSL-00828,33,Skilled Nursing,6431.31,2BR,2,2,No,47,1,56.5,1,282855.44,No
MSL-00829,69,Memory Care,4306.85,1BR,2,3,No,94,0,28.6,3,392009.72,No
MSL-00830,28,Skilled Nursing,5028.56,Studio,3,4,No,5,0,12.4,7,146452.41,No
MSL-00831,39,Independent Living,2465.02,Studio,2,2,No,70,1,70.7,9,107250.88,No
MSL-00832,26,Memory Care,5686.69,1BR,3,2,No,89,1,46.6,10,125845.86,No
MSL-00833,10,Skilled Nursing,6448.75,1BR,3,3,No,72,0,6.3,6,95208.05,Yes
MSL-00834,91,Memory Care,6889.51,1BR,3,3,Yes,13,2,37.8,7,668066.06,No
MSL-00835,84,Memory Care,5121.64,2BR,3,1,Yes,34,1,21.2,8,587075.11,No
MSL-00836,48,Independent Living,3104.82,1BR,1,3,No,53,2,34.8,9,315134.63,No
MSL-00837,40,Memory Care,3800.0,Studio,1,1,No,28,2,51.5,8,184053.46,No
MSL-00838,16,Memory Care,5968.73,Studio,3,1,Yes,53,0,13.8,7,113754.49,No
MSL-00839,42,Independent Living,2761.03,2BR,3,4,No,5,1,62.0,8,85761.12,Yes
MSL-00840,76,Skilled Nursing,5823.93,2BR,3,3,Yes,7,2,9.6,1,600691.12,No
MSL-00841,58,Independent Living,2493.56,2BR,3,4,No,61,2,70.1,1,110455.75,Yes
MSL-00842,71,Skilled Nursing,5023.09,Suite,2,2,No,29,3,69.0,6,459160.64,No
MSL-00843,63,Memory Care,5413.56,Studio,2,2,No,17,3,63.6,10,488280.36,Yes
MSL-00844,75,Independent Living,2639.86,Studio,1,4,No,49,2,5.5,4,299228.76,No
MSL-00845,65,Independent Living,1912.04,1BR,3,2,Yes,28,2,5.2,4,185675.7,Yes
MSL-00846,3,Skilled Nursing,7139.93,1BR,2,1,No,63,0,4.8,10,19145.61,No
MSL-00847,91,Independent Living,2612.92,2BR,3,1,No,67,0,6.9,5,149111.24,No
MSL-00848,69,Independent Living,2452.08,1BR,2,4,Yes,48,0,39.8,8,264805.82,Yes
MSL-00849,35,Independent Living,2787.19,1BR,3,4,No,20,1,55.9,2,130676.59,Yes
MSL-00850,96,Memory Care,5095.71,1BR,2,3,No,33,1,27.8,9,299333.14,No
MSL-00851,41,Independent Living,2551.26,Studio,3,2,No,63,2,43.9,4,223321.37,Yes
MSL-00852,69,Independent Living,2062.9,1BR,3,2,No,39,1,40.5,7,175347.28,Yes
MSL-00853,67,Independent Living,2893.67,1BR,1,8,No,0,2,36.1,6,233083.09,No
MSL-00854,36,Skilled Nursing,6347.03,Studio,2,3,No,79,0,39.8,4,130113.04,No
MSL-00855,31,Independent Living,2347.44,1BR,3,1,No,61,1,48.9,7,41184.25,No
MSL-00856,2,Independent Living,2961.55,2BR,2,4,No,100,2,64.1,10,10055.97,No
MSL-00857,93,Skilled Nursing,8859.31,2BR,1,2,No,14,0,103.7,8,1088025.73,No
MSL-00858,94,Independent Living,2356.09,1BR,3,1,No,14,0,5.3,9,458002.97,No
MSL-00859,3,Skilled Nursing,6664.77,Studio,3,2,No,97,1,65.1,8,38270.14,No
MSL-00860,42,Skilled Nursing,6470.36,1BR,3,0,No,92,2,33.0,4,141016.92,No
MSL-00861,67,Independent Living,2123.27,2BR,1,3,No,17,1,100.3,5,103028.94,Yes
MSL-00862,93,Skilled Nursing,8071.25,1BR,2,2,No,53,2,84.2,10,474160.83,No
MSL-00863,39,Independent Living,2058.94,Studio,3,1,No,24,3,3.3,7,36484.36,No
MSL-00864,46,Skilled Nursing,6498.2,1BR,3,2,No,93,4,14.9,4,357277.9,No
MSL-00865,14,Memory Care,4463.93,2BR,2,6,No,75,3,40.8,6,27416.44,No
MSL-00866,75,Skilled Nursing,6831.94,1BR,3,2,No,75,1,40.8,7,580636.54,No
MSL-00867,62,Memory Care,6019.9,1BR,3,3,No,67,3,14.0,5,708452.01,No
MSL-00868,55,Skilled Nursing,7832.73,Studio,3,1,Yes,78,0,100.8,7,391197.14,No
MSL-00869,36,Independent Living,1957.01,2BR,3,5,No,96,0,23.8,8,136690.85,No
MSL-00870,90,Skilled Nursing,6914.32,2BR,3,4,Yes,13,0,23.8,3,963177.09,No
MSL-00871,92,Independent Living,2636.94,1BR,1,2,No,99,0,7.2,1,200688.41,No
MSL-00872,7,Independent Living,2267.38,1BR,3,4,No,93,1,35.1,10,23977.0,No
MSL-00873,6,Skilled Nursing,6513.59,Suite,3,4,No,38,1,23.8,10,73503.37,No
MSL-00874,15,Skilled Nursing,7838.74,1BR,1,1,No,33,4,72.6,8,512534.09,No
MSL-00875,44,Independent Living,2637.77,1BR,1,1,No,24,2,21.3,4,129285.42,No
MSL-00876,12,Independent Living,2146.36,2BR,1,2,No,86,3,10.7,9,30835.05,Yes
MSL-00877,53,Independent Living,2558.86,2BR,2,5,No,75,1,32.3,5,310342.97,No
MSL-00878,48,Independent Living,2340.94,2BR,3,4,No,72,3,21.3,4,114829.02,No
MSL-00879,58,Independent Living,2387.76,Suite,3,3,No,47,1,28.2,8,216549.17,No
MSL-00880,18,Skilled Nursing,7550.69,1BR,2,2,No,47,2,36.6,10,145625.45,No
MSL-00881,60,Memory Care,5260.47,1BR,3,1,No,70,1,36.7,9,423244.99,No
MSL-00882,35,Independent Living,2589.94,2BR,2,1,No,36,2,17.7,5,44963.73,Yes
MSL-00883,77,Independent Living,2735.29,2BR,3,2,No,2,1,42.9,3,332948.34,No
MSL-00884,41,Independent Living,2566.86,2BR,3,2,No,37,3,67.0,4,86640.24,No
MSL-00885,19,Independent Living,2864.97,1BR,3,1,Yes,44,1,30.5,6,119191.63,Yes
MSL-00886,6,Independent Living,1913.7,Suite,2,2,No,20,3,53.7,4,7011.6,No
MSL-00887,46,Independent Living,2110.63,Suite,1,4,No,27,3,37.4,5,172071.97,No
MSL-00888,39,Skilled Nursing,8509.13,Studio,3,1,No,43,0,34.4,6,476927.61,No
MSL-00889,10,Independent Living,2238.4,1BR,1,2,No,74,0,19.3,1,33267.05,No
MSL-00890,11,Memory Care,5834.11,2BR,2,4,No,43,1,24.4,8,97912.36,No
MSL-00891,42,Independent Living,2580.54,1BR,3,1,No,18,1,144.9,9,61715.02,Yes
MSL-00892,61,Independent Living,1949.38,2BR,3,6,No,28,3,132.5,9,166649.52,Yes
MSL-00893,35,Skilled Nursing,7646.45,Studio,3,3,No,85,1,110.1,3,342991.45,No
MSL-00894,38,Skilled Nursing,6874.07,2BR,1,0,No,63,1,38.1,6,285156.2,No
MSL-00895,53,Independent Living,2081.49,Studio,3,6,No,38,0,39.9,1,80161.27,Yes
MSL-00896,25,Memory Care,5230.78,Suite,3,6,No,3,1,122.8,3,83996.29,Yes
MSL-00897,67,Memory Care,6357.89,2BR,3,1,No,14,2,18.8,8,311302.07,No
MSL-00898,9,Independent Living,2507.4,Studio,3,4,No,34,3,26.4,1,16125.77,Yes
MSL-00899,57,Independent Living,2251.01,2BR,3,3,Yes,81,0,56.9,5,165539.33,Yes
MSL-00900,19,Memory Care,5343.99,1BR,3,0,No,68,1,60.2,9,102546.97,Yes
MSL-00901,47,Independent Living,1859.59,1BR,1,4,No,92,0,34.8,8,89369.84,No
MSL-00902,59,Independent Living,2520.29,Studio,2,3,No,56,0,2.9,1,288299.81,Yes
MSL-00903,49,Independent Living,2327.98,Suite,3,5,No,22,1,31.5,6,131822.21,Yes
MSL-00904,77,Independent Living,2009.82,2BR,1,5,No,97,0,15.3,3,201428.09,No
MSL-00905,31,Memory Care,4795.76,1BR,2,5,No,100,2,39.9,1,221184.68,No
MSL-00906,76,Independent Living,2439.93,Studio,1,4,No,24,2,25.7,2,310676.75,No
MSL-00907,15,Skilled Nursing,6879.96,2BR,2,3,No,18,1,6.2,4,186854.5,No
MSL-00908,19,Independent Living,1600.0,Studio,2,0,Yes,80,2,17.1,5,38817.22,No
MSL-00909,58,Skilled Nursing,6785.41,Studio,2,1,No,47,3,81.7,9,547685.9,No
MSL-00910,38,Skilled Nursing,6083.08,Studio,3,1,No,34,1,138.0,10,323058.23,No
MSL-00911,15,Memory Care,5545.41,2BR,3,1,Yes,70,0,69.2,10,114686.92,No
MSL-00912,62,Independent Living,2133.15,2BR,3,2,No,39,2,88.1,9,40948.56,Yes
MSL-00913,5,Independent Living,2934.86,1BR,2,3,No,63,1,33.9,2,12004.26,Yes
MSL-00914,79,Independent Living,2674.01,1BR,3,4,No,68,1,22.0,5,413028.64,No
MSL-00915,43,Skilled Nursing,7010.09,1BR,3,4,No,6,1,2.4,3,369556.25,No
MSL-00916,22,Independent Living,2372.14,2BR,2,2,No,17,0,57.2,8,92469.61,Yes
MSL-00917,12,Independent Living,2543.17,2BR,2,2,Yes,24,3,50.0,3,31002.41,Yes
MSL-00918,93,Skilled Nursing,7810.02,2BR,3,2,No,24,1,81.6,3,864481.56,No
MSL-00919,62,Independent Living,1997.96,2BR,3,5,No,11,1,33.0,4,95292.77,Yes
MSL-00920,16,Skilled Nursing,7655.94,Studio,2,3,No,70,0,15.1,9,144683.79,No
MSL-00921,40,Independent Living,2871.61,2BR,2,0,No,70,0,27.3,10,173356.76,No
MSL-00922,5,Independent Living,2440.98,1BR,2,2,No,50,1,24.2,2,6662.28,Yes
MSL-00923,89,Memory Care,5280.3,2BR,3,2,No,26,1,48.8,1,251216.01,No
MSL-00924,30,Skilled Nursing,6222.75,Studio,2,2,No,63,1,35.3,7,233896.19,No
MSL-00925,9,Skilled Nursing,6299.52,1BR,3,5,No,84,0,56.2,3,102434.07,No
MSL-00926,39,Skilled Nursing,7575.79,Studio,3,4,No,45,4,51.5,1,239810.98,No
MSL-00927,78,Independent Living,2409.68,Suite,3,1,No,19,0,165.1,6,139233.67,No
MSL-00928,79,Skilled Nursing,6233.2,1BR,2,2,No,0,1,16.0,5,332671.46,No
MSL-00929,32,Independent Living,2435.84,Studio,3,2,Yes,71,2,46.6,9,86922.67,No
MSL-00930,79,Memory Care,4526.52,Suite,2,2,Yes,2,4,22.8,3,310203.09,No
MSL-00931,70,Independent Living,2408.85,2BR,3,4,No,47,1,23.6,8,311450.9,No
MSL-00932,11,Skilled Nursing,6161.35,1BR,3,3,No,94,2,67.6,7,55396.26,No
MSL-00933,71,Independent Living,2386.6,Studio,3,3,No,34,1,52.4,1,106959.36,No
MSL-00934,7,Independent Living,2820.71,1BR,2,5,No,14,0,71.4,10,12258.44,No
MSL-00935,62,Independent Living,2530.35,2BR,3,1,Yes,58,0,64.8,4,174377.36,Yes
MSL-00936,76,Independent Living,2234.2,1BR,3,1,No,3,0,77.0,4,180232.29,No
MSL-00937,40,Independent Living,2345.32,Studio,2,4,No,53,2,36.8,3,88577.09,No
MSL-00938,93,Skilled Nursing,6153.88,1BR,3,0,No,65,2,37.1,10,456438.8,No
MSL-00939,16,Independent Living,2766.02,1BR,3,2,No,81,2,62.3,9,41369.14,No
MSL-00940,54,Skilled Nursing,6644.02,1BR,3,5,No,92,2,23.1,7,846150.68,No
MSL-00941,53,Independent Living,2805.92,1BR,1,3,No,73,0,6.7,8,61287.28,No
MSL-00942,23,Independent Living,2013.9,1BR,2,2,No,63,0,22.8,9,35172.83,No
MSL-00943,49,Memory Care,4682.74,Studio,2,0,No,25,1,38.7,5,162421.36,No
MSL-00944,43,Memory Care,5261.54,Suite,3,1,No,39,0,49.5,4,162896.38,No
MSL-00945,80,Independent Living,2455.85,1BR,3,2,No,76,2,18.2,4,241279.7,No
MSL-00946,58,Independent Living,1953.74,Studio,2,3,Yes,65,1,19.7,6,89950.11,No
MSL-00947,9,Independent Living,2476.95,Studio,3,7,No,16,0,8.3,7,13588.27,Yes
MSL-00948,22,Skilled Nursing,7782.7,Suite,2,1,No,57,1,14.5,1,118099.04,No
MSL-00949,95,Skilled Nursing,6808.3,Studio,2,3,Yes,94,0,58.0,3,716955.22,No
MSL-00950,72,Independent Living,2200.1,1BR,2,1,Yes,26,0,91.7,3,176360.34,Yes
MSL-00951,30,Independent Living,1987.81,2BR,3,2,Yes,62,0,15.6,1,68552.1,Yes
MSL-00952,3,Skilled Nursing,6478.92,1BR,3,0,Yes,88,0,61.4,2,14665.4,No
MSL-00953,82,Skilled Nursing,7818.05,Suite,3,5,No,51,0,89.3,4,503408.23,Yes
MSL-00954,21,Skilled Nursing,6316.97,1BR,3,3,No,55,2,10.2,6,144919.22,No
MSL-00955,65,Memory Care,6053.41,Studio,3,3,Yes,27,4,117.5,7,557935.22,Yes
MSL-00956,3,Memory Care,4899.73,Studio,3,3,No,84,4,55.8,3,13855.57,No
MSL-00957,10,Independent Living,2796.81,1BR,3,3,Yes,61,0,29.7,7,12678.96,No
MSL-00958,77,Independent Living,2740.22,1BR,3,4,No,67,2,39.7,9,516386.82,No
MSL-00959,8,Memory Care,5850.05,1BR,2,3,No,82,4,29.3,7,51081.95,No
MSL-00960,6,Skilled Nursing,6068.94,1BR,2,2,No,69,1,29.1,6,28986.06,No
MSL-00961,10,Independent Living,2165.38,Studio,3,1,Yes,95,2,26.1,3,14360.09,Yes
MSL-00962,16,Memory Care,5109.01,1BR,3,3,No,1,1,16.7,4,251769.8,No
MSL-00963,57,Memory Care,6090.55,Suite,3,1,Yes,84,4,69.8,4,434631.04,Yes
MSL-00964,50,Independent Living,2534.89,Suite,2,2,No,80,0,14.0,1,235611.56,No
MSL-00965,57,Memory Care,6406.16,2BR,2,5,No,93,2,33.4,10,290845.28,No
MSL-00966,84,Memory Care,5349.19,Studio,2,1,No,65,1,19.1,5,380149.99,No
MSL-00967,76,Independent Living,2356.1,1BR,3,2,No,77,2,9.0,4,105254.7,Yes
MSL-00968,34,Skilled Nursing,6598.71,2BR,3,4,No,67,3,10.7,5,390381.62,No
MSL-00969,8,Independent Living,2343.78,1BR,3,3,Yes,82,2,71.5,3,43424.24,Yes
MSL-00970,74,Independent Living,2652.13,1BR,2,3,No,75,3,42.7,2,81543.63,Yes
MSL-00971,1,Independent Living,2510.53,Studio,1,3,Yes,45,1,73.0,5,3014.24,No
MSL-00972,48,Independent Living,2399.76,Studio,3,2,No,98,2,23.3,9,257847.22,No
MSL-00973,57,Independent Living,3113.14,1BR,2,2,No,90,2,30.3,2,132977.66,No
MSL-00974,92,Memory Care,4857.23,Studio,1,1,No,66,1,32.7,1,344812.69,No
MSL-00975,74,Memory Care,4847.77,1BR,3,3,No,98,3,31.5,7,419568.52,No
MSL-00976,70,Skilled Nursing,6584.81,Suite,1,1,No,89,3,109.7,2,877314.77,No
MSL-00977,58,Memory Care,5861.2,1BR,2,2,No,91,1,38.3,4,427686.37,No
MSL-00978,76,Skilled Nursing,7045.05,1BR,3,3,No,38,1,26.2,5,571634.2,No
MSL-00979,43,Skilled Nursing,8545.51,Studio,3,5,No,2,0,43.2,4,976142.46,No
MSL-00980,45,Independent Living,2388.51,2BR,2,4,No,25,1,38.4,9,94432.8,No
MSL-00981,66,Independent Living,2358.79,2BR,2,3,No,28,0,32.8,1,96576.02,No
MSL-00982,59,Independent Living,1838.87,Studio,3,2,No,56,0,73.6,2,110560.09,Yes
MSL-00983,87,Skilled Nursing,5926.5,Studio,1,5,No,6,1,56.7,2,443985.89,No
MSL-00984,75,Skilled Nursing,6569.11,2BR,3,2,No,17,1,22.7,7,410809.54,No
MSL-00985,45,Independent Living,3093.44,1BR,3,1,No,60,1,76.2,5,148404.84,No
MSL-00986,7,Skilled Nursing,7382.28,Studio,2,3,No,49,1,3.4,2,67132.46,No
MSL-00987,65,Skilled Nursing,7483.47,Suite,1,1,No,7,1,62.3,2,374983.79,No
MSL-00988,41,Independent Living,2040.01,1BR,3,2,No,0,2,61.9,5,63525.45,Yes
MSL-00989,7,Independent Living,2794.81,1BR,2,3,No,23,0,65.1,3,6894.55,No
MSL-00990,28,Skilled Nursing,8451.91,Studio,2,3,Yes,82,0,41.8,6,174602.93,No
MSL-00991,45,Independent Living,2099.14,2BR,3,2,No,50,1,145.7,3,151345.49,Yes
MSL-00992,66,Skilled Nursing,7617.09,1BR,2,1,No,69,0,5.4,3,492263.15,No
MSL-00993,77,Independent Living,2376.8,Studio,1,0,No,55,0,21.9,7,169761.6,No
MSL-00994,83,Memory Care,4668.83,Studio,3,3,Yes,3,3,15.4,2,437367.23,No
MSL-00995,30,Independent Living,2595.75,1BR,2,2,Yes,21,3,40.3,1,64992.45,No
MSL-00996,61,Skilled Nursing,6540.43,2BR,1,3,Yes,42,1,86.9,9,1055733.1,No
MSL-00997,62,Skilled Nursing,6676.65,Studio,3,4,Yes,52,2,11.0,9,295637.95,No
MSL-00998,3,Memory Care,4195.76,Suite,2,5,No,95,1,24.9,7,17926.84,No
MSL-00999,69,Memory Care,5965.97,2BR,3,1,No,46,2,88.6,5,721813.99,No
MSL-01000,45,Skilled Nursing,6145.79,1BR,2,0,No,81,0,2.6,5,241874.79,No
