client_id,account_tenure,portfolio_tier,annual_fee_revenue,advisor_assigned,contact_frequency_per_year,num_accounts_held,digital_logins_per_month,referred_by_client,risk_tolerance_profile,estate_planning_client,avg_response_time_hours,has_joint_account,portfolio_value_estimate,left_firm
FVW-00001,24,Premier,6678.76,Yes,3,4,2,No,Moderate,No,5.0,No,72843.05,No
FVW-00002,18,Core,2354.49,No,2,6,6,Yes,Moderate,No,3.9,No,54553.09,No
FVW-00003,2,Premier,5970.42,No,4,2,5,No,Conservative,Yes,8.3,No,11390.51,Yes
FVW-00004,18,Premier,5408.39,Yes,5,7,5,No,Moderate,No,28.4,Yes,112060.65,No
FVW-00005,23,Premier,4238.22,No,3,1,1,Yes,Conservative,Yes,11.8,Yes,220966.99,No
FVW-00006,21,Core,2563.89,No,2,1,4,Yes,Conservative,No,3.9,No,57022.16,No
FVW-00007,1,Private,16753.81,No,6,1,3,No,Moderate,No,17.7,Yes,38227.03,No
FVW-00008,21,Core,2893.48,No,4,2,7,No,Conservative,No,15.0,Yes,71330.26,Yes
FVW-00009,16,Core,2210.8,No,2,2,1,No,Conservative,No,22.6,Yes,28550.39,Yes
FVW-00010,10,Core,2155.92,Yes,3,2,1,No,Moderate,No,2.4,Yes,30853.23,No
FVW-00011,11,Private,11352.14,Yes,3,5,1,No,Conservative,No,35.3,Yes,189426.4,No
FVW-00012,3,Private,15295.73,Yes,4,1,1,Yes,Moderate,No,12.1,No,30934.13,No
FVW-00013,9,Core,2331.2,No,6,4,6,Yes,Aggressive,No,14.5,No,28094.12,No
FVW-00014,7,Private,13452.63,Yes,6,2,1,No,Aggressive,Yes,3.2,Yes,64214.97,No
FVW-00015,0,Core,2543.77,Yes,5,3,3,No,Conservative,No,8.8,No,0.0,No
FVW-00016,14,Private,14351.74,Yes,6,2,4,No,Moderate,Yes,12.2,No,137022.89,No
FVW-00017,14,Core,2020.01,Yes,4,5,2,No,Aggressive,No,5.3,Yes,14353.47,No
FVW-00018,18,Premier,5128.96,No,5,2,4,No,Moderate,No,14.8,No,28235.27,No
FVW-00019,4,Core,2373.9,No,4,2,3,No,Conservative,No,9.8,Yes,5974.17,No
FVW-00020,7,Premier,6764.99,Yes,3,1,2,No,Moderate,No,12.2,No,71755.75,No
FVW-00021,19,Premier,5583.07,No,6,2,4,No,Aggressive,No,7.1,No,72373.21,No
FVW-00022,9,Private,17108.64,Yes,4,4,4,No,Conservative,No,9.5,Yes,138667.04,No
FVW-00023,14,Core,2362.92,Yes,2,4,5,No,Moderate,Yes,12.6,No,51711.25,Yes
FVW-00024,7,Core,2245.52,No,2,1,3,No,Moderate,No,17.3,No,0.0,Yes
FVW-00025,14,Premier,7035.02,No,6,4,3,No,Conservative,Yes,20.6,No,66843.38,No
FVW-00026,14,Private,16558.47,Yes,3,4,2,No,Aggressive,No,8.5,No,193123.64,No
FVW-00027,2,Core,2619.62,No,2,3,3,No,Aggressive,No,13.6,No,7713.42,Yes
FVW-00028,0,Premier,4301.43,No,4,2,3,Yes,Moderate,No,0.7,No,0.0,No
FVW-00029,18,Core,2104.07,Yes,4,3,4,No,Aggressive,No,6.3,No,70073.47,No
FVW-00030,8,Core,2720.53,Yes,5,2,6,No,Moderate,No,22.0,No,17516.34,No
FVW-00031,5,Core,2347.93,Yes,3,3,3,No,Aggressive,No,4.5,No,22917.61,No
FVW-00032,23,Private,14975.15,No,3,3,2,No,Moderate,Yes,6.5,No,263126.06,No
FVW-00033,5,Private,14922.07,Yes,5,3,5,No,Moderate,Yes,11.0,No,159055.07,No
FVW-00034,4,Core,1720.1,No,2,2,4,No,Moderate,No,10.8,No,8635.05,No
FVW-00035,7,Premier,6131.12,Yes,3,3,5,No,Conservative,No,20.4,No,42258.79,No
FVW-00036,22,Core,1662.98,No,2,2,3,Yes,Moderate,No,7.8,No,15009.48,No
FVW-00037,15,Private,12785.77,Yes,5,1,3,No,Moderate,Yes,4.3,No,265428.09,No
FVW-00038,18,Core,2402.42,Yes,6,5,0,No,Moderate,No,5.3,No,50555.95,No
FVW-00039,14,Premier,5425.6,No,5,2,7,Yes,Conservative,No,6.5,Yes,57507.01,No
FVW-00040,16,Premier,7465.17,Yes,3,2,5,No,Moderate,No,6.2,Yes,162513.38,No
FVW-00041,5,Core,1917.16,Yes,4,4,4,No,Conservative,No,7.8,No,16753.24,No
FVW-00042,17,Core,2119.47,No,5,1,5,No,Moderate,Yes,6.6,No,20618.18,Yes
FVW-00043,22,Core,1906.18,No,6,5,3,No,Aggressive,No,12.0,Yes,27020.04,No
FVW-00044,8,Core,2478.47,Yes,2,1,3,No,Conservative,Yes,7.5,No,18607.28,No
FVW-00045,7,Core,1561.26,No,3,3,5,Yes,Moderate,No,9.0,No,14674.6,No
FVW-00046,19,Premier,5522.38,Yes,4,3,3,No,Moderate,Yes,1.6,No,59973.16,No
FVW-00047,16,Premier,5662.67,No,4,3,3,Yes,Conservative,No,22.7,Yes,70780.49,No
FVW-00048,24,Premier,4878.13,Yes,4,3,6,Yes,Conservative,Yes,17.6,No,147875.41,No
FVW-00049,12,Core,2460.36,No,3,3,3,No,Conservative,No,8.0,Yes,29063.78,No
FVW-00050,3,Private,16845.5,No,6,4,3,No,Moderate,No,4.5,No,56683.19,No
FVW-00051,23,Premier,7115.59,Yes,6,5,5,Yes,Moderate,Yes,8.9,No,152545.85,No
FVW-00052,17,Premier,4548.29,Yes,3,2,2,No,Conservative,No,42.1,No,60315.14,No
FVW-00053,16,Private,16742.88,Yes,2,1,9,No,Moderate,Yes,3.0,Yes,185252.36,No
FVW-00054,17,Premier,4785.75,No,4,1,3,No,Aggressive,No,10.7,No,159719.38,No
FVW-00055,19,Private,13689.9,No,5,7,3,Yes,Moderate,Yes,6.4,No,161063.07,No
FVW-00056,16,Premier,6096.42,Yes,6,2,1,No,Moderate,No,3.4,No,107473.69,No
FVW-00057,20,Core,1664.06,Yes,2,1,7,No,Conservative,No,25.2,Yes,35117.19,No
FVW-00058,22,Premier,5414.65,No,3,1,2,No,Aggressive,No,16.0,Yes,126709.4,No
FVW-00059,3,Core,2246.34,Yes,4,2,2,Yes,Conservative,No,15.7,No,10497.53,No
FVW-00060,15,Premier,6555.3,No,4,3,4,No,Moderate,Yes,20.7,Yes,118772.92,No
FVW-00061,11,Core,2437.5,Yes,3,4,6,No,Moderate,No,4.3,No,28161.74,No
FVW-00062,21,Core,2999.29,Yes,6,4,5,No,Moderate,No,16.9,No,67353.18,No
FVW-00063,7,Private,14193.61,Yes,4,3,5,No,Conservative,Yes,18.3,Yes,52147.3,No
FVW-00064,18,Premier,5816.89,No,1,4,1,No,Moderate,No,6.4,No,194627.96,No
FVW-00065,2,Premier,6011.39,No,4,2,3,No,Moderate,No,3.5,No,13348.86,Yes
FVW-00066,7,Core,2489.48,No,8,1,2,Yes,Moderate,No,11.1,No,19294.24,No
FVW-00067,16,Premier,5660.63,No,2,2,4,No,Conservative,No,7.7,Yes,77390.61,No
FVW-00068,6,Premier,6967.99,Yes,4,2,3,No,Moderate,No,8.2,No,46357.87,No
FVW-00069,7,Premier,5990.12,Yes,1,3,1,Yes,Conservative,No,7.6,No,42186.24,No
FVW-00070,23,Private,14101.48,Yes,1,4,5,No,Aggressive,Yes,6.3,No,254730.09,No
FVW-00071,11,Private,19870.87,No,4,3,4,No,Conservative,No,35.4,No,397989.33,No
FVW-00072,15,Premier,5151.63,No,4,4,7,No,Conservative,No,6.1,No,108344.03,Yes
FVW-00073,6,Private,13535.5,Yes,1,1,1,No,Conservative,Yes,10.8,No,102973.43,No
FVW-00074,15,Premier,5993.87,Yes,5,3,8,No,Moderate,No,13.4,No,58536.79,No
FVW-00075,14,Private,17907.64,Yes,4,4,2,No,Moderate,No,7.8,No,271732.39,No
FVW-00076,0,Premier,5371.73,No,3,3,3,No,Moderate,No,7.4,Yes,0.0,Yes
FVW-00077,24,Core,2377.11,No,4,1,4,No,Aggressive,No,8.4,Yes,64736.99,No
FVW-00078,5,Private,16800.38,No,6,1,2,Yes,Moderate,Yes,17.6,Yes,68880.92,No
FVW-00079,5,Core,3148.64,Yes,4,2,1,Yes,Conservative,No,15.3,No,9207.67,No
FVW-00080,19,Premier,5586.03,Yes,3,4,2,No,Moderate,No,13.8,Yes,113996.21,No
FVW-00081,7,Premier,5798.4,Yes,3,3,7,No,Aggressive,Yes,9.5,No,55981.53,No
FVW-00082,16,Private,11906.86,No,7,3,3,No,Aggressive,No,4.7,No,195967.27,No
FVW-00083,25,Private,12562.86,No,4,3,4,Yes,Moderate,No,20.7,No,147876.93,No
FVW-00084,23,Premier,6112.99,Yes,5,6,2,No,Moderate,No,27.2,No,111716.53,No
FVW-00085,16,Private,19361.68,No,3,2,4,No,Conservative,No,7.6,No,536678.54,No
FVW-00086,24,Premier,4911.3,Yes,8,4,4,Yes,Conservative,Yes,1.7,No,192130.1,No
FVW-00087,24,Core,2299.44,Yes,6,4,1,No,Conservative,No,9.6,No,38134.52,No
FVW-00088,6,Private,10498.17,Yes,0,2,5,No,Moderate,No,5.8,Yes,33741.5,No
FVW-00089,23,Core,2041.9,No,4,4,3,No,Moderate,No,11.4,No,67958.19,No
FVW-00090,16,Core,2044.5,No,2,3,1,Yes,Aggressive,No,0.8,Yes,26289.96,No
FVW-00091,15,Premier,6365.87,Yes,4,4,2,No,Conservative,Yes,8.9,Yes,155530.75,Yes
FVW-00092,2,Core,2279.17,No,2,3,2,Yes,Conservative,No,1.6,Yes,7364.67,No
FVW-00093,15,Premier,5318.62,Yes,4,3,1,No,Aggressive,No,21.3,No,35643.05,No
FVW-00094,2,Core,1881.47,Yes,4,2,2,No,Moderate,No,18.3,Yes,5453.08,No
FVW-00095,16,Core,2190.43,Yes,7,3,2,No,Moderate,No,12.4,Yes,21859.9,No
FVW-00096,24,Premier,5712.66,No,5,2,3,No,Conservative,No,11.6,No,98028.67,No
FVW-00097,2,Core,1713.49,Yes,4,5,3,No,Moderate,No,15.9,No,3642.58,Yes
FVW-00098,19,Core,2229.54,Yes,3,1,3,No,Conservative,No,27.8,No,54538.01,No
FVW-00099,2,Premier,6514.21,Yes,7,6,7,No,Aggressive,Yes,17.1,No,14922.72,No
FVW-00100,17,Core,1890.1,Yes,4,2,2,Yes,Conservative,No,14.6,No,47387.67,Yes
FVW-00101,3,Core,1826.28,No,2,5,1,No,Conservative,No,5.6,No,3002.68,No
FVW-00102,13,Core,1684.2,No,6,3,2,No,Aggressive,No,21.3,No,22592.94,No
FVW-00103,17,Premier,5199.76,Yes,3,1,3,No,Moderate,No,6.5,No,97303.54,No
FVW-00104,14,Premier,5172.77,Yes,4,1,3,No,Aggressive,No,10.5,No,94300.17,No
FVW-00105,14,Core,1821.42,No,5,2,4,No,Conservative,No,3.5,No,22563.18,No
FVW-00106,23,Private,12302.43,Yes,1,3,2,No,Moderate,No,12.3,No,296568.8,No
FVW-00107,23,Core,2226.64,No,2,2,3,No,Conservative,No,2.9,No,49523.51,No
FVW-00108,6,Premier,6379.23,Yes,5,2,6,No,Conservative,No,1.9,No,67161.32,No
FVW-00109,8,Premier,6913.33,No,7,2,4,No,Moderate,Yes,10.5,No,40347.12,No
FVW-00110,5,Core,2582.85,Yes,3,2,3,No,Moderate,No,6.2,No,10532.05,No
FVW-00111,19,Premier,6255.11,No,5,4,3,Yes,Conservative,No,5.5,No,127467.47,No
FVW-00112,23,Premier,5268.9,Yes,6,1,6,No,Aggressive,No,11.2,No,121281.24,No
FVW-00113,2,Private,12146.27,Yes,3,1,6,No,Moderate,No,4.1,Yes,24336.83,No
FVW-00114,6,Core,2016.7,Yes,3,3,1,No,Conservative,Yes,43.0,Yes,11653.97,No
FVW-00115,2,Private,19209.68,No,5,2,4,No,Conservative,Yes,17.2,No,27538.0,No
FVW-00116,18,Premier,5304.4,No,4,2,4,No,Moderate,No,15.9,No,115041.17,No
FVW-00117,13,Core,2844.91,No,5,2,4,No,Conservative,No,9.4,Yes,38872.64,No
FVW-00118,15,Core,1710.98,Yes,5,3,2,No,Aggressive,No,22.5,No,27729.79,Yes
FVW-00119,6,Core,2942.02,No,3,2,1,Yes,Moderate,No,6.9,No,13976.06,Yes
FVW-00120,3,Premier,6182.89,No,3,4,4,No,Moderate,No,15.0,Yes,24382.54,No
FVW-00121,18,Core,2087.61,No,5,1,6,No,Conservative,No,6.2,No,41646.36,No
FVW-00122,1,Private,17123.92,No,3,4,4,No,Conservative,No,6.2,Yes,15451.71,No
FVW-00123,3,Private,11372.96,No,5,4,1,No,Moderate,Yes,13.7,No,26533.65,No
FVW-00124,22,Core,1200.0,Yes,4,1,2,No,Aggressive,No,13.4,No,17031.51,No
FVW-00125,19,Premier,5367.43,Yes,4,3,3,No,Conservative,No,4.1,Yes,85659.31,No
FVW-00126,0,Core,2239.68,Yes,2,4,1,No,Aggressive,No,13.7,Yes,0.0,Yes
FVW-00127,17,Premier,4481.72,No,7,2,2,No,Moderate,No,11.0,Yes,96817.06,No
FVW-00128,10,Premier,5195.13,Yes,2,2,3,Yes,Conservative,Yes,1.9,No,54294.24,No
FVW-00129,15,Premier,5147.27,Yes,5,3,3,No,Moderate,Yes,5.5,No,109507.42,No
FVW-00130,2,Premier,4870.75,No,1,1,1,Yes,Aggressive,No,8.6,Yes,12530.35,No
FVW-00131,19,Private,19987.32,No,2,2,1,Yes,Conservative,Yes,2.2,No,717854.86,No
FVW-00132,0,Private,18956.62,No,6,2,4,No,Conservative,No,27.0,Yes,4025.29,No
FVW-00133,23,Premier,6871.85,Yes,2,2,2,No,Conservative,Yes,3.2,Yes,203747.79,No
FVW-00134,1,Premier,6683.21,Yes,3,6,9,No,Moderate,No,3.9,No,13808.22,No
FVW-00135,22,Core,1255.55,No,1,2,9,Yes,Conservative,No,11.3,No,19437.67,No
FVW-00136,9,Core,1814.8,No,3,1,1,No,Conservative,No,14.2,No,15977.02,Yes
FVW-00137,22,Premier,6709.9,Yes,3,1,5,No,Moderate,No,3.4,Yes,245348.48,No
FVW-00138,17,Private,17724.73,No,1,4,3,Yes,Moderate,No,9.4,No,264770.1,No
FVW-00139,25,Premier,5228.38,Yes,6,4,6,No,Moderate,Yes,7.1,No,209287.79,No
FVW-00140,23,Core,2871.46,No,6,2,2,No,Conservative,No,11.0,Yes,65828.27,No
FVW-00141,19,Private,18062.9,Yes,2,3,5,Yes,Conservative,No,9.6,No,412343.21,No
FVW-00142,6,Premier,6776.02,Yes,4,5,3,No,Conservative,No,6.3,Yes,13844.89,No
FVW-00143,9,Premier,5451.08,Yes,4,4,4,No,Aggressive,No,4.1,No,36088.94,No
FVW-00144,14,Core,2797.5,No,6,2,6,No,Moderate,No,6.6,No,28563.72,No
FVW-00145,11,Premier,6165.02,Yes,5,3,3,No,Conservative,No,4.0,No,79450.93,No
FVW-00146,9,Core,2716.17,Yes,5,1,1,No,Aggressive,No,4.6,Yes,22062.36,No
FVW-00147,20,Premier,6796.12,No,4,4,3,No,Moderate,No,31.9,No,80161.78,No
FVW-00148,10,Core,1762.88,No,4,4,4,No,Conservative,No,22.5,No,28282.02,No
FVW-00149,23,Core,1781.17,No,3,1,5,Yes,Conservative,No,7.1,Yes,39031.15,No
FVW-00150,3,Premier,4592.1,Yes,3,1,5,Yes,Conservative,No,12.3,Yes,18069.7,No
FVW-00151,1,Premier,5376.16,Yes,4,3,1,No,Conservative,Yes,9.3,Yes,4944.64,No
FVW-00152,19,Premier,6357.84,Yes,6,2,1,No,Conservative,Yes,10.7,Yes,126680.63,No
FVW-00153,0,Core,1997.48,No,4,3,2,No,Moderate,No,5.9,Yes,2071.61,No
FVW-00154,13,Core,1778.39,No,3,3,1,Yes,Conservative,No,11.2,Yes,52241.5,No
FVW-00155,4,Core,1399.93,No,4,4,3,No,Conservative,No,14.1,No,2096.07,Yes
FVW-00156,23,Core,2328.32,Yes,5,4,3,Yes,Aggressive,No,8.4,No,70150.78,No
FVW-00157,22,Private,14580.81,No,3,1,3,No,Aggressive,No,20.5,No,383229.29,No
FVW-00158,16,Core,2419.12,No,4,2,3,No,Conservative,No,5.4,No,46122.25,Yes
FVW-00159,22,Core,1951.71,No,6,3,4,No,Conservative,No,25.3,No,17111.05,Yes
FVW-00160,18,Core,1589.53,No,7,2,4,No,Moderate,No,21.0,Yes,23886.21,No
FVW-00161,10,Core,3000.32,Yes,1,6,1,No,Moderate,No,4.1,No,57368.67,No
FVW-00162,7,Core,2202.41,No,4,2,5,No,Conservative,Yes,20.1,No,19025.59,No
FVW-00163,16,Core,2328.44,Yes,5,2,3,No,Moderate,No,12.8,No,106808.81,No
FVW-00164,4,Private,12444.21,Yes,5,5,1,No,Conservative,Yes,6.5,No,43168.56,No
FVW-00165,5,Core,1615.29,No,1,2,5,Yes,Conservative,No,21.2,No,16728.56,No
FVW-00166,17,Core,2449.65,Yes,6,4,7,Yes,Moderate,No,22.3,Yes,44860.87,No
FVW-00167,1,Core,2765.39,Yes,5,4,2,No,Moderate,No,6.4,No,625.94,No
FVW-00168,14,Premier,5377.53,Yes,4,1,8,No,Conservative,Yes,8.3,No,130110.92,No
FVW-00169,18,Premier,6187.92,Yes,5,4,3,No,Aggressive,No,5.9,Yes,105723.06,No
FVW-00170,4,Private,15572.62,Yes,2,2,3,No,Moderate,No,4.7,No,109175.51,No
FVW-00171,12,Private,15078.14,Yes,3,3,6,No,Conservative,No,4.3,Yes,533333.79,No
FVW-00172,11,Private,15503.79,Yes,4,1,3,No,Aggressive,Yes,2.0,No,171614.89,No
FVW-00173,3,Core,1869.65,No,6,2,4,Yes,Conservative,No,14.4,Yes,11217.57,No
FVW-00174,25,Private,9000.0,Yes,2,1,3,No,Moderate,Yes,24.2,No,172122.96,No
FVW-00175,24,Core,2330.85,No,3,1,5,No,Moderate,No,20.5,No,58827.67,Yes
FVW-00176,7,Private,19782.22,No,2,2,4,No,Aggressive,No,10.9,No,154705.0,No
FVW-00177,24,Premier,4695.14,No,3,3,2,No,Conservative,No,8.8,No,227709.61,No
FVW-00178,23,Premier,5752.4,No,4,2,4,No,Conservative,No,9.1,No,37277.39,No
FVW-00179,4,Core,1860.74,No,3,4,5,No,Moderate,No,2.5,Yes,11038.03,No
FVW-00180,12,Core,2093.64,No,3,2,2,No,Moderate,No,11.3,Yes,24185.19,No
FVW-00181,23,Core,1931.68,No,3,2,4,No,Moderate,No,6.7,No,96969.66,Yes
FVW-00182,23,Premier,7335.1,Yes,5,1,2,No,Aggressive,No,4.3,Yes,206912.46,No
FVW-00183,14,Core,2003.44,Yes,3,1,5,Yes,Conservative,No,3.7,No,20772.5,No
FVW-00184,2,Premier,5405.9,Yes,4,4,3,No,Conservative,No,11.9,No,12540.79,No
FVW-00185,19,Core,2562.87,No,2,4,4,No,Conservative,No,24.2,No,100520.98,No
FVW-00186,18,Premier,5473.65,No,3,2,2,No,Moderate,Yes,19.9,No,81720.01,No
FVW-00187,14,Premier,7026.51,No,4,3,2,No,Moderate,No,10.9,No,139738.53,No
FVW-00188,23,Core,2242.83,Yes,3,3,3,No,Conservative,No,38.4,No,56469.41,No
FVW-00189,14,Premier,6270.05,Yes,0,6,2,Yes,Conservative,No,12.5,No,91016.53,No
FVW-00190,20,Premier,5066.56,Yes,7,4,3,No,Moderate,Yes,4.1,Yes,188864.62,No
FVW-00191,9,Private,15664.51,No,4,2,1,No,Aggressive,No,23.2,No,123678.12,No
FVW-00192,9,Core,2491.68,No,5,3,2,No,Moderate,No,1.6,No,12534.35,No
FVW-00193,12,Private,15374.09,Yes,5,4,2,Yes,Aggressive,Yes,13.8,No,184835.12,No
FVW-00194,17,Core,2416.12,No,5,2,4,No,Moderate,No,13.4,No,48260.82,No
FVW-00195,0,Core,2096.85,Yes,3,1,1,No,Moderate,No,17.6,No,733.79,No
FVW-00196,6,Private,14151.8,No,6,4,1,No,Conservative,Yes,12.5,No,78153.97,No
FVW-00197,3,Core,2420.66,No,5,2,5,No,Conservative,No,10.0,Yes,309.66,No
FVW-00198,1,Core,2221.55,Yes,2,3,2,No,Conservative,No,25.3,No,7491.01,No
FVW-00199,18,Premier,4551.2,No,6,3,4,No,Aggressive,No,7.1,Yes,56083.64,No
FVW-00200,9,Core,2018.11,Yes,4,2,1,No,Moderate,No,16.0,Yes,20365.56,No
FVW-00201,11,Core,2454.91,No,3,4,3,No,Conservative,No,23.7,No,40712.93,No
FVW-00202,4,Private,20768.19,Yes,4,3,4,No,Moderate,Yes,8.8,Yes,161375.78,Yes
FVW-00203,14,Premier,5907.52,Yes,3,2,2,No,Moderate,No,25.3,No,124396.31,No
FVW-00204,19,Premier,5616.29,Yes,3,3,4,No,Moderate,No,0.9,No,78095.93,No
FVW-00205,11,Core,2110.97,No,4,2,4,No,Conservative,Yes,8.7,No,22255.25,No
FVW-00206,10,Private,16231.32,No,2,4,3,Yes,Conservative,No,2.8,No,95690.13,No
FVW-00207,8,Premier,6063.81,Yes,3,2,2,No,Conservative,Yes,9.1,No,78174.7,No
FVW-00208,16,Core,2235.27,No,3,3,1,No,Moderate,No,11.8,No,46921.64,Yes
FVW-00209,0,Core,2530.37,No,5,2,5,No,Conservative,No,15.5,No,0.0,Yes
FVW-00210,5,Core,2426.6,No,0,1,3,No,Conservative,No,1.5,Yes,22690.16,No
FVW-00211,9,Core,2070.9,No,3,2,4,No,Conservative,No,10.2,No,20495.32,No
FVW-00212,1,Core,2577.86,No,7,3,4,No,Conservative,No,8.9,No,1232.64,No
FVW-00213,7,Core,1905.03,Yes,4,3,4,No,Aggressive,No,19.4,Yes,6959.78,No
FVW-00214,3,Premier,5324.18,Yes,1,2,5,No,Conservative,No,13.8,No,25964.93,No
FVW-00215,5,Core,2523.95,No,5,1,3,No,Moderate,No,11.9,Yes,15771.5,Yes
FVW-00216,8,Core,1648.87,Yes,2,1,5,No,Moderate,No,4.2,No,19188.74,No
FVW-00217,21,Core,2314.41,No,5,1,4,No,Conservative,No,5.2,No,23357.48,Yes
FVW-00218,2,Premier,5352.98,No,3,1,7,No,Aggressive,No,10.7,No,28005.14,No
FVW-00219,11,Premier,7222.14,No,6,1,2,No,Conservative,Yes,11.6,No,143621.05,No
FVW-00220,8,Core,2678.75,Yes,5,3,5,No,Moderate,No,4.9,No,44125.95,Yes
FVW-00221,0,Private,12598.62,No,0,2,6,No,Conservative,No,22.9,No,0.0,No
FVW-00222,5,Private,11822.47,Yes,6,4,1,Yes,Aggressive,No,12.7,No,77632.02,Yes
FVW-00223,9,Core,3200.0,Yes,3,6,4,Yes,Aggressive,No,5.4,Yes,32323.9,No
FVW-00224,9,Core,2516.41,Yes,2,3,5,No,Moderate,No,13.4,Yes,63621.26,No
FVW-00225,7,Core,2646.55,No,2,3,2,No,Aggressive,Yes,4.1,No,21152.33,Yes
FVW-00226,5,Core,1709.49,Yes,4,2,6,No,Aggressive,No,6.7,Yes,8081.94,No
FVW-00227,0,Premier,4729.45,No,3,1,1,Yes,Conservative,No,1.9,No,0.0,Yes
FVW-00228,6,Premier,6181.15,Yes,1,3,5,Yes,Moderate,No,1.2,Yes,37634.61,No
FVW-00229,22,Core,1895.2,No,3,2,2,No,Aggressive,No,4.2,No,43133.46,Yes
FVW-00230,14,Core,2144.16,No,8,3,2,No,Moderate,No,3.0,No,33527.26,No
FVW-00231,15,Core,2205.78,No,4,5,5,Yes,Conservative,No,14.0,No,39113.67,No
FVW-00232,23,Core,1915.01,Yes,2,4,4,Yes,Aggressive,Yes,6.4,Yes,30793.26,No
FVW-00233,11,Private,16486.54,No,2,4,8,No,Conservative,Yes,9.4,No,115446.6,No
FVW-00234,10,Premier,5295.19,Yes,7,2,2,No,Moderate,No,15.5,No,46678.19,No
FVW-00235,7,Premier,5659.62,No,8,2,6,No,Aggressive,No,8.9,No,64502.65,No
FVW-00236,24,Premier,4483.02,Yes,2,4,3,No,Moderate,No,1.5,Yes,212334.69,No
FVW-00237,22,Core,2257.41,Yes,2,1,2,No,Conservative,No,8.1,No,101106.64,Yes
FVW-00238,5,Core,1665.11,No,2,3,3,No,Moderate,No,9.3,No,8089.52,No
FVW-00239,0,Private,9000.0,Yes,3,4,3,No,Moderate,No,12.3,Yes,968.47,No
FVW-00240,25,Premier,3832.08,Yes,6,4,2,No,Conservative,No,14.1,No,157573.92,No
FVW-00241,15,Premier,6897.13,Yes,5,3,4,No,Aggressive,Yes,18.6,No,89220.65,No
FVW-00242,9,Private,13236.93,Yes,0,3,3,No,Aggressive,Yes,14.5,No,121358.4,No
FVW-00243,16,Core,1957.11,No,5,3,6,No,Moderate,No,9.2,No,61662.9,Yes
FVW-00244,4,Private,18009.84,Yes,1,2,0,No,Conservative,Yes,7.7,Yes,74211.93,No
FVW-00245,21,Core,2777.95,Yes,2,3,3,No,Moderate,No,7.1,No,62596.78,Yes
FVW-00246,17,Premier,5886.97,No,3,3,3,No,Moderate,No,15.0,No,124224.29,No
FVW-00247,14,Private,13594.66,Yes,5,3,4,No,Aggressive,No,9.3,No,194467.62,No
FVW-00248,3,Premier,5750.84,Yes,9,2,2,No,Moderate,No,1.2,No,35702.39,No
FVW-00249,22,Core,2722.16,No,4,3,4,No,Aggressive,No,7.1,No,106388.25,No
FVW-00250,20,Premier,6137.14,Yes,5,2,2,No,Moderate,Yes,9.2,No,137546.71,No
FVW-00251,19,Core,1985.8,No,4,4,2,No,Conservative,No,13.0,No,40980.69,No
FVW-00252,12,Premier,6521.06,No,6,3,2,No,Moderate,Yes,16.6,Yes,100611.06,No
FVW-00253,20,Premier,4562.62,Yes,2,5,2,No,Moderate,No,17.2,No,55479.58,Yes
FVW-00254,20,Premier,5875.74,No,4,2,3,No,Aggressive,No,11.5,Yes,179273.9,No
FVW-00255,10,Core,2488.51,No,6,4,3,Yes,Moderate,No,7.8,Yes,73075.13,No
FVW-00256,14,Core,2587.92,No,5,3,1,Yes,Conservative,No,10.0,No,40420.16,No
FVW-00257,4,Private,9373.26,No,5,2,3,No,Moderate,No,25.3,No,72974.78,No
FVW-00258,10,Core,1936.19,No,3,6,0,No,Aggressive,No,6.2,No,6941.47,No
FVW-00259,14,Core,1909.14,Yes,3,7,2,No,Aggressive,Yes,7.3,No,11015.18,No
FVW-00260,10,Premier,6802.43,No,5,1,3,No,Aggressive,No,18.9,No,111707.16,No
FVW-00261,16,Premier,6518.66,Yes,3,4,1,No,Moderate,No,3.5,No,83513.96,No
FVW-00262,1,Core,2323.83,No,4,2,5,Yes,Moderate,No,14.0,No,5514.32,No
FVW-00263,9,Premier,5180.31,Yes,1,2,5,Yes,Conservative,No,17.5,Yes,33313.88,No
FVW-00264,24,Core,2802.69,Yes,1,2,4,No,Conservative,No,16.0,No,88735.47,No
FVW-00265,7,Core,2697.79,No,4,3,4,No,Aggressive,Yes,3.6,Yes,13441.67,Yes
FVW-00266,22,Core,2466.01,No,7,1,1,No,Moderate,No,18.6,No,68058.15,No
FVW-00267,19,Premier,5393.02,No,1,3,5,Yes,Conservative,No,16.2,No,129774.7,No
FVW-00268,9,Premier,6122.55,Yes,7,1,5,Yes,Conservative,Yes,3.7,Yes,47104.12,No
FVW-00269,5,Premier,5672.44,No,4,4,0,No,Conservative,No,11.3,Yes,22184.11,No
FVW-00270,7,Core,1641.28,Yes,6,4,4,Yes,Moderate,No,6.0,Yes,18112.05,No
FVW-00271,8,Core,2688.15,Yes,2,3,4,Yes,Conservative,No,1.8,No,8861.57,No
FVW-00272,15,Private,14258.98,No,5,3,5,Yes,Conservative,Yes,5.5,Yes,325629.64,No
FVW-00273,5,Premier,6546.71,Yes,2,1,1,No,Moderate,No,9.9,No,27262.46,No
FVW-00274,8,Core,1936.02,No,5,3,5,Yes,Conservative,No,16.7,Yes,12402.36,No
FVW-00275,3,Core,1955.08,Yes,3,2,5,Yes,Aggressive,Yes,7.0,No,3550.13,Yes
FVW-00276,25,Premier,5350.09,Yes,3,3,7,No,Aggressive,Yes,10.8,No,201011.7,No
FVW-00277,7,Premier,6311.5,No,5,4,4,No,Conservative,No,14.2,No,36215.46,No
FVW-00278,11,Core,1976.07,No,3,1,7,No,Moderate,No,6.1,No,22738.88,Yes
FVW-00279,23,Private,9669.64,Yes,3,2,3,No,Conservative,No,8.5,No,292741.87,No
FVW-00280,17,Core,2559.92,Yes,2,2,1,No,Conservative,No,3.2,No,59277.1,No
FVW-00281,4,Core,1961.32,No,3,3,3,No,Aggressive,No,5.7,Yes,6521.5,Yes
FVW-00282,3,Core,2753.81,Yes,3,2,4,No,Aggressive,No,17.6,No,13836.78,No
FVW-00283,10,Private,14370.77,No,4,5,2,Yes,Moderate,No,7.9,No,141749.47,No
FVW-00284,2,Premier,5006.34,Yes,3,1,5,No,Aggressive,No,21.5,No,12755.17,No
FVW-00285,2,Core,1772.86,No,2,3,5,No,Conservative,No,21.6,No,10282.87,Yes
FVW-00286,25,Private,11952.93,No,5,1,3,No,Conservative,Yes,3.3,No,218938.22,No
FVW-00287,20,Core,2651.82,No,5,1,0,Yes,Moderate,No,4.8,No,54928.44,No
FVW-00288,20,Private,16637.17,No,5,3,3,Yes,Conservative,No,9.2,No,199360.4,No
FVW-00289,20,Premier,5658.6,Yes,5,1,5,No,Moderate,No,15.6,No,97963.07,No
FVW-00290,20,Private,12223.52,No,5,3,5,No,Moderate,No,16.7,Yes,144069.63,No
FVW-00291,14,Core,1309.17,Yes,5,1,4,No,Moderate,No,37.3,No,37240.38,No
FVW-00292,25,Private,13016.23,No,4,2,7,No,Conservative,No,5.3,Yes,359057.59,No
FVW-00293,20,Core,2082.82,No,3,3,0,No,Moderate,No,1.2,No,35248.19,No
FVW-00294,11,Private,13868.39,Yes,6,2,1,No,Moderate,Yes,11.8,No,97673.77,No
FVW-00295,23,Premier,6285.82,No,3,3,1,Yes,Conservative,Yes,37.9,No,77968.59,No
FVW-00296,0,Core,2335.83,No,3,4,3,No,Moderate,No,14.4,No,1173.94,Yes
FVW-00297,24,Premier,4399.46,Yes,3,2,4,No,Moderate,No,15.8,No,191144.2,No
FVW-00298,20,Core,2734.39,No,2,3,3,No,Moderate,No,4.2,No,59053.01,No
FVW-00299,17,Premier,5905.87,No,6,2,4,No,Moderate,Yes,10.5,No,135575.61,No
FVW-00300,8,Premier,5550.83,No,6,2,5,Yes,Moderate,No,7.1,No,43041.56,No
FVW-00301,5,Core,2084.97,No,4,2,2,No,Aggressive,No,13.9,No,0.0,Yes
FVW-00302,6,Premier,5372.43,Yes,5,5,2,No,Conservative,No,2.3,Yes,12155.06,No
FVW-00303,23,Core,2261.13,Yes,5,2,1,No,Conservative,No,6.4,Yes,28396.91,No
FVW-00304,24,Premier,6272.2,Yes,7,2,5,No,Moderate,No,3.8,Yes,178347.0,No
FVW-00305,10,Core,2127.71,No,6,3,5,No,Moderate,No,13.6,Yes,20474.68,No
FVW-00306,7,Core,2088.95,No,1,1,0,No,Moderate,No,9.6,No,12040.95,No
FVW-00307,6,Core,2307.96,No,1,1,2,No,Conservative,No,24.6,No,15492.19,No
FVW-00308,8,Premier,6119.26,Yes,4,4,4,No,Aggressive,Yes,3.5,No,27182.11,No
FVW-00309,5,Premier,6663.83,Yes,1,2,2,No,Moderate,No,12.3,Yes,27688.03,No
FVW-00310,16,Core,2376.77,Yes,1,4,2,No,Moderate,No,13.8,No,35876.31,Yes
FVW-00311,7,Premier,4844.22,No,2,3,3,No,Conservative,No,36.3,No,27737.68,No
FVW-00312,14,Private,14792.05,Yes,4,2,3,No,Aggressive,No,7.6,No,99101.12,No
FVW-00313,20,Premier,6177.91,Yes,3,3,3,Yes,Conservative,No,17.3,No,65058.37,No
FVW-00314,2,Core,2463.72,Yes,3,3,2,No,Conservative,No,28.5,Yes,2528.14,No
FVW-00315,23,Premier,6223.92,Yes,4,2,2,Yes,Conservative,No,11.7,No,129279.95,No
FVW-00316,18,Core,2102.72,Yes,1,9,9,No,Aggressive,No,5.0,No,35107.83,No
FVW-00317,12,Premier,4186.61,No,7,6,4,No,Moderate,No,26.9,Yes,45043.95,No
FVW-00318,17,Core,1962.04,No,5,5,2,No,Conservative,No,12.8,No,36301.13,No
FVW-00319,0,Core,2888.39,Yes,3,2,2,No,Conservative,No,1.9,No,4535.67,No
FVW-00320,19,Premier,5228.91,No,1,2,2,No,Conservative,Yes,11.3,Yes,56792.95,No
FVW-00321,4,Private,11858.73,Yes,5,2,3,No,Moderate,Yes,1.1,Yes,71651.54,No
FVW-00322,11,Core,1780.19,No,5,3,4,No,Aggressive,No,17.4,No,17554.75,No
FVW-00323,3,Core,2311.08,No,3,4,4,No,Conservative,No,18.1,No,4676.77,No
FVW-00324,4,Core,2020.37,No,6,1,5,No,Aggressive,No,6.9,No,11400.51,No
FVW-00325,1,Premier,5374.52,Yes,11,2,2,Yes,Conservative,Yes,20.0,Yes,5041.37,No
FVW-00326,24,Core,2445.04,Yes,4,1,3,No,Conservative,Yes,18.6,No,48768.57,No
FVW-00327,23,Premier,5674.64,No,3,1,7,No,Conservative,No,12.6,No,88361.76,No
FVW-00328,19,Core,1881.07,No,6,1,1,Yes,Conservative,Yes,14.1,No,35414.81,No
FVW-00329,23,Private,19975.86,Yes,2,4,2,No,Moderate,No,10.4,Yes,407785.05,No
FVW-00330,12,Core,2410.63,Yes,0,3,2,No,Moderate,No,1.4,Yes,20278.91,Yes
FVW-00331,23,Core,2422.84,No,7,1,6,No,Moderate,No,6.0,No,41996.34,No
FVW-00332,14,Premier,5111.45,No,5,2,3,No,Moderate,No,17.8,No,107600.93,No
FVW-00333,14,Premier,5923.54,No,1,2,5,No,Conservative,No,14.5,Yes,72239.93,No
FVW-00334,7,Premier,6425.29,Yes,3,4,2,No,Aggressive,No,2.2,No,31169.8,No
FVW-00335,12,Premier,5291.03,No,1,4,4,No,Aggressive,Yes,4.7,Yes,101101.44,No
FVW-00336,22,Premier,5052.28,Yes,3,5,4,Yes,Moderate,No,9.4,No,168624.25,No
FVW-00337,11,Private,9000.0,No,5,3,2,No,Moderate,Yes,6.5,No,67704.76,No
FVW-00338,4,Premier,6475.14,No,3,1,1,No,Moderate,Yes,14.0,No,54905.62,No
FVW-00339,20,Premier,4050.8,Yes,2,1,1,Yes,Conservative,No,5.0,Yes,44390.35,No
FVW-00340,13,Premier,6978.7,No,4,1,5,No,Aggressive,No,16.2,Yes,111746.98,No
FVW-00341,24,Premier,5733.95,No,2,3,3,Yes,Conservative,No,16.5,No,122982.22,No
FVW-00342,15,Premier,4889.05,No,4,3,5,Yes,Aggressive,No,27.8,No,48476.04,No
FVW-00343,10,Core,1279.42,No,4,2,2,No,Moderate,Yes,5.1,Yes,13072.18,Yes
FVW-00344,23,Premier,6495.74,Yes,1,1,2,No,Conservative,Yes,10.8,Yes,172809.73,No
FVW-00345,19,Private,15206.87,Yes,3,2,2,No,Aggressive,Yes,13.3,Yes,202202.53,No
FVW-00346,1,Core,1906.91,No,5,4,5,No,Moderate,No,21.7,Yes,0.0,Yes
FVW-00347,2,Premier,7331.88,No,5,2,3,No,Moderate,No,0.5,No,23481.74,No
FVW-00348,11,Core,2258.07,No,8,1,4,No,Moderate,No,4.5,No,18409.68,No
FVW-00349,4,Private,13062.43,Yes,6,2,4,Yes,Moderate,No,5.2,No,64104.85,No
FVW-00350,15,Core,2210.37,No,1,4,1,No,Aggressive,No,7.6,No,22817.14,No
FVW-00351,4,Core,1830.74,Yes,3,3,5,No,Conservative,No,13.2,Yes,12000.23,No
FVW-00352,9,Premier,4536.67,No,1,4,2,No,Moderate,Yes,16.9,No,22455.69,No
FVW-00353,25,Premier,5411.9,No,2,3,1,No,Moderate,No,11.8,Yes,132344.86,No
FVW-00354,19,Core,1492.56,No,7,1,4,No,Conservative,No,11.1,No,19238.14,No
FVW-00355,3,Premier,6468.06,No,10,3,3,No,Moderate,No,21.2,No,16253.19,No
FVW-00356,4,Premier,4949.5,No,6,2,4,No,Moderate,No,12.2,No,38908.15,No
FVW-00357,3,Core,1660.43,Yes,6,4,5,No,Moderate,No,2.7,Yes,2621.87,Yes
FVW-00358,1,Core,2893.06,Yes,2,4,5,No,Aggressive,No,11.9,No,6636.3,No
FVW-00359,20,Core,2789.69,No,1,3,3,No,Conservative,No,6.3,Yes,62543.24,No
FVW-00360,0,Premier,5490.54,Yes,2,3,2,No,Conservative,Yes,12.5,No,164.37,No
FVW-00361,7,Core,2182.59,Yes,2,2,9,No,Moderate,Yes,9.2,No,19785.18,No
FVW-00362,9,Core,1914.53,No,3,1,4,Yes,Conservative,No,28.4,No,22482.57,No
FVW-00363,24,Core,1868.32,No,1,2,2,No,Moderate,No,0.7,No,55570.05,Yes
FVW-00364,5,Premier,4884.84,Yes,5,1,2,Yes,Conservative,No,4.4,No,26889.33,Yes
FVW-00365,7,Private,9217.29,No,4,2,2,No,Aggressive,No,2.8,Yes,98469.89,No
FVW-00366,11,Core,1803.24,No,6,2,5,No,Aggressive,No,8.5,No,29733.21,No
FVW-00367,24,Private,17595.31,Yes,7,2,5,Yes,Moderate,Yes,13.5,Yes,593044.29,No
FVW-00368,20,Premier,5459.74,Yes,3,1,3,No,Moderate,No,4.5,No,92749.8,No
FVW-00369,21,Premier,6116.89,No,6,4,6,No,Conservative,Yes,18.9,No,98261.61,No
FVW-00370,14,Premier,5519.51,No,5,3,3,Yes,Conservative,No,24.9,Yes,44358.76,No
FVW-00371,6,Core,1901.88,No,6,2,3,No,Conservative,No,8.0,Yes,9063.79,Yes
FVW-00372,3,Premier,5246.27,No,1,2,4,No,Moderate,No,8.0,No,4251.92,No
FVW-00373,13,Core,1931.33,Yes,2,4,4,No,Conservative,No,8.1,Yes,30692.21,No
FVW-00374,10,Core,1625.46,No,4,2,3,Yes,Moderate,No,21.5,No,39412.5,No
FVW-00375,7,Core,2126.0,No,3,3,1,Yes,Conservative,No,14.8,Yes,15513.38,No
FVW-00376,14,Core,1807.41,Yes,4,4,2,No,Moderate,No,3.6,No,27387.74,No
FVW-00377,1,Core,2432.27,No,4,4,2,No,Conservative,Yes,7.4,No,0.0,No
FVW-00378,24,Core,2202.61,No,11,2,2,Yes,Moderate,No,5.4,No,39451.61,Yes
FVW-00379,25,Core,2155.26,No,3,5,3,No,Moderate,No,30.2,No,39120.49,No
FVW-00380,3,Premier,4728.24,No,5,3,1,No,Moderate,No,16.2,No,14501.11,No
FVW-00381,9,Premier,4635.07,Yes,10,4,7,Yes,Conservative,No,2.2,Yes,56709.48,No
FVW-00382,4,Core,2113.75,No,5,3,1,No,Moderate,No,16.6,No,7144.58,No
FVW-00383,1,Premier,5840.2,Yes,2,7,4,No,Conservative,No,18.1,No,8147.62,No
FVW-00384,11,Core,2577.31,Yes,2,4,3,No,Conservative,No,6.8,No,17106.93,Yes
FVW-00385,22,Core,3021.82,Yes,2,4,3,Yes,Moderate,No,3.6,No,54339.76,No
FVW-00386,21,Premier,5643.32,Yes,2,3,3,No,Moderate,No,21.1,No,148386.58,No
FVW-00387,22,Premier,6768.11,Yes,4,2,3,No,Conservative,No,14.8,No,192517.58,No
FVW-00388,23,Core,2046.31,No,5,2,2,No,Conservative,Yes,52.6,No,45830.22,No
FVW-00389,16,Premier,6449.09,No,7,5,2,Yes,Aggressive,No,7.2,Yes,167915.61,No
FVW-00390,12,Premier,7449.77,Yes,3,2,3,Yes,Conservative,Yes,13.4,No,60935.25,No
FVW-00391,11,Premier,5345.72,No,5,2,2,No,Aggressive,No,22.4,Yes,68683.98,No
FVW-00392,1,Core,2952.32,No,4,1,3,No,Conservative,No,5.4,Yes,8333.47,No
FVW-00393,13,Core,1921.29,No,5,3,6,No,Moderate,No,9.7,No,42909.01,Yes
FVW-00394,2,Premier,5524.21,No,4,4,4,No,Aggressive,No,4.7,Yes,15215.1,No
FVW-00395,0,Core,1708.76,No,4,1,3,Yes,Moderate,No,8.4,No,4702.41,No
FVW-00396,2,Core,2159.24,Yes,5,1,1,No,Moderate,No,6.2,No,2.65,No
FVW-00397,6,Core,2696.47,No,3,4,3,No,Conservative,No,8.9,No,21095.35,No
FVW-00398,4,Premier,5841.88,Yes,0,2,2,No,Moderate,Yes,27.3,Yes,39133.51,No
FVW-00399,0,Core,2632.09,Yes,6,6,2,No,Moderate,No,12.7,Yes,409.44,Yes
FVW-00400,3,Premier,6870.39,Yes,5,1,4,No,Aggressive,No,4.0,Yes,43895.23,Yes
FVW-00401,5,Core,1572.23,No,7,2,3,No,Moderate,Yes,29.7,Yes,8098.69,No
FVW-00402,19,Premier,6820.68,Yes,3,2,0,Yes,Moderate,No,14.9,Yes,123047.78,Yes
FVW-00403,4,Core,2399.99,Yes,9,2,6,Yes,Conservative,No,23.8,No,9758.16,No
FVW-00404,23,Premier,7151.84,No,1,2,3,No,Conservative,Yes,30.2,Yes,112717.25,No
FVW-00405,11,Core,2377.02,No,1,2,2,No,Aggressive,No,33.6,Yes,29142.7,No
FVW-00406,9,Core,2557.89,Yes,2,4,1,No,Aggressive,No,11.0,Yes,17659.03,No
FVW-00407,0,Core,1884.45,Yes,9,2,5,No,Moderate,Yes,17.6,Yes,0.0,No
FVW-00408,12,Private,16408.62,No,1,3,0,No,Aggressive,No,3.0,No,185305.95,No
FVW-00409,1,Core,2166.94,Yes,5,3,2,No,Moderate,No,15.3,No,2428.98,No
FVW-00410,21,Core,2840.97,No,4,1,3,Yes,Conservative,No,3.4,No,47150.28,No
FVW-00411,10,Core,2232.91,Yes,3,3,2,No,Conservative,No,14.0,Yes,10969.75,No
FVW-00412,8,Premier,6362.08,No,3,3,4,Yes,Aggressive,No,5.8,Yes,53499.64,No
FVW-00413,8,Premier,5803.93,No,8,3,4,No,Conservative,No,14.1,Yes,48835.85,No
FVW-00414,6,Core,1815.64,Yes,1,2,4,No,Moderate,No,13.9,No,11491.83,No
FVW-00415,3,Premier,6063.1,No,4,2,5,No,Moderate,No,7.5,No,14829.47,No
FVW-00416,22,Premier,5578.11,Yes,4,3,0,No,Moderate,Yes,22.1,Yes,141578.78,No
FVW-00417,9,Premier,6802.99,Yes,4,2,7,No,Moderate,No,6.5,No,71123.96,No
FVW-00418,24,Core,2051.22,No,1,1,1,No,Moderate,No,17.0,No,34135.07,No
FVW-00419,24,Premier,5922.24,No,5,2,1,No,Conservative,No,19.8,No,159675.32,No
FVW-00420,11,Premier,6312.51,Yes,5,3,2,No,Conservative,No,12.7,Yes,148634.99,No
FVW-00421,10,Core,2191.64,Yes,4,1,6,No,Conservative,No,26.5,No,21785.37,No
FVW-00422,1,Premier,5142.18,Yes,8,3,1,No,Conservative,No,7.2,Yes,2962.85,No
FVW-00423,5,Premier,6530.13,Yes,5,3,3,No,Aggressive,Yes,8.4,Yes,49246.72,No
FVW-00424,24,Core,2962.14,Yes,7,1,1,Yes,Moderate,No,11.5,No,101998.3,Yes
FVW-00425,16,Premier,4513.34,Yes,3,2,2,Yes,Aggressive,No,9.8,Yes,55227.15,No
FVW-00426,10,Private,17303.41,No,4,3,1,No,Aggressive,Yes,21.1,Yes,121737.19,No
FVW-00427,10,Premier,6619.34,Yes,2,1,3,No,Moderate,No,11.9,Yes,58746.6,No
FVW-00428,8,Private,10900.32,No,4,1,3,No,Aggressive,No,1.4,No,137664.66,No
FVW-00429,10,Core,2110.75,Yes,1,6,3,No,Moderate,No,22.5,Yes,35118.95,No
FVW-00430,7,Core,1876.3,No,3,2,3,No,Aggressive,No,15.4,No,13656.22,Yes
FVW-00431,14,Core,2122.76,No,2,1,6,Yes,Moderate,No,9.4,No,69179.06,No
FVW-00432,10,Core,2117.31,No,9,6,4,No,Conservative,No,11.8,No,12067.98,No
FVW-00433,4,Core,1245.76,No,4,4,2,No,Moderate,No,13.3,No,6203.37,Yes
FVW-00434,6,Private,14711.93,No,4,3,5,Yes,Conservative,No,20.3,No,48493.5,No
FVW-00435,22,Core,2370.77,No,3,2,0,No,Moderate,No,2.5,No,73808.54,Yes
FVW-00436,19,Premier,5932.57,Yes,5,1,5,No,Conservative,No,30.0,No,150952.27,No
FVW-00437,20,Core,1951.27,Yes,2,1,1,No,Moderate,No,2.9,No,34612.97,No
FVW-00438,13,Premier,5335.14,No,4,2,1,No,Moderate,No,10.1,No,48730.22,No
FVW-00439,6,Premier,6563.53,No,5,1,4,Yes,Moderate,No,1.8,Yes,29885.96,No
FVW-00440,5,Premier,6137.43,Yes,1,2,4,No,Aggressive,No,16.7,No,11206.86,No
FVW-00441,13,Core,2635.85,Yes,4,5,5,No,Conservative,Yes,6.4,No,32328.88,No
FVW-00442,14,Core,2979.15,No,4,4,0,Yes,Aggressive,No,4.9,Yes,14049.83,No
FVW-00443,18,Premier,4394.92,Yes,4,3,5,No,Conservative,No,20.0,No,52479.07,No
FVW-00444,19,Core,1936.68,Yes,0,4,4,No,Conservative,No,10.6,No,25402.32,No
FVW-00445,13,Core,1787.03,No,5,3,4,No,Moderate,No,31.2,No,43057.1,No
FVW-00446,19,Core,2298.87,No,1,2,2,No,Moderate,No,21.8,Yes,31955.34,No
FVW-00447,25,Core,2131.83,No,7,2,1,No,Moderate,No,36.3,No,75961.52,No
FVW-00448,9,Private,18079.8,Yes,0,1,2,Yes,Conservative,No,2.0,No,262880.64,No
FVW-00449,13,Premier,5502.73,No,5,3,1,No,Conservative,Yes,31.5,Yes,76606.54,No
FVW-00450,15,Core,2604.41,No,4,1,2,Yes,Aggressive,Yes,13.2,Yes,43440.35,No
FVW-00451,0,Premier,5899.3,No,5,2,5,No,Conservative,Yes,8.3,No,2764.06,No
FVW-00452,11,Premier,4983.43,No,3,2,4,Yes,Moderate,No,2.1,No,16733.62,No
FVW-00453,12,Premier,4891.36,Yes,3,5,1,No,Aggressive,No,20.3,Yes,52386.74,No
FVW-00454,24,Core,3200.0,Yes,3,3,2,No,Moderate,No,5.4,Yes,53680.71,No
FVW-00455,18,Private,9000.0,Yes,3,1,4,Yes,Moderate,No,3.6,No,165691.93,No
FVW-00456,4,Core,2790.78,Yes,5,4,6,No,Conservative,Yes,13.6,No,13015.85,No
FVW-00457,8,Premier,4442.27,No,5,4,3,Yes,Moderate,No,21.9,No,53496.07,No
FVW-00458,21,Premier,6729.59,Yes,7,3,3,No,Conservative,No,9.6,No,75090.52,No
FVW-00459,10,Premier,6316.16,Yes,1,4,3,No,Moderate,No,34.9,No,45043.06,No
FVW-00460,18,Private,13852.96,Yes,4,2,2,No,Moderate,No,29.9,Yes,350605.66,No
FVW-00461,9,Premier,6405.07,Yes,4,3,6,No,Conservative,No,0.6,Yes,80372.41,No
FVW-00462,20,Core,2039.07,No,7,1,2,No,Moderate,No,5.9,No,28772.81,No
FVW-00463,17,Core,2019.25,No,4,1,5,Yes,Conservative,No,8.9,Yes,40661.39,Yes
FVW-00464,24,Premier,6410.9,Yes,4,1,4,No,Conservative,Yes,13.3,Yes,69003.5,No
FVW-00465,23,Private,13074.21,Yes,3,2,1,Yes,Moderate,No,29.3,Yes,270661.98,No
FVW-00466,12,Private,15556.91,Yes,5,2,2,No,Moderate,No,10.3,Yes,92378.88,No
FVW-00467,12,Private,12338.25,Yes,7,2,0,Yes,Moderate,No,13.3,Yes,170753.24,No
FVW-00468,21,Private,14979.01,No,4,3,5,No,Conservative,No,20.8,No,276292.16,No
FVW-00469,2,Private,12689.52,Yes,4,5,4,No,Conservative,Yes,6.0,No,31840.65,No
FVW-00470,25,Core,2083.08,No,2,2,3,Yes,Aggressive,No,5.9,No,134633.54,No
FVW-00471,16,Core,2366.13,No,3,5,3,No,Aggressive,No,27.6,Yes,58825.63,No
FVW-00472,4,Premier,6134.49,Yes,1,1,5,Yes,Aggressive,No,4.2,No,13707.36,No
FVW-00473,19,Core,2152.0,No,4,2,7,Yes,Conservative,No,12.3,Yes,27069.26,No
FVW-00474,1,Private,15875.47,Yes,3,2,2,Yes,Aggressive,No,13.3,Yes,12130.52,No
FVW-00475,14,Core,2156.54,No,3,5,5,No,Conservative,Yes,7.2,No,57988.8,No
FVW-00476,1,Premier,5795.3,No,2,3,4,Yes,Conservative,Yes,6.5,Yes,4353.68,No
FVW-00477,8,Core,2637.4,No,4,4,2,No,Conservative,No,13.1,No,48692.36,Yes
FVW-00478,17,Private,15776.05,No,6,1,4,No,Moderate,No,6.4,No,400564.46,No
FVW-00479,23,Premier,5514.14,No,2,2,7,Yes,Moderate,No,12.6,Yes,241287.3,No
FVW-00480,0,Core,1990.12,No,3,5,2,No,Conservative,No,32.6,No,6425.78,Yes
FVW-00481,4,Core,2625.41,No,2,4,4,Yes,Aggressive,No,17.8,Yes,8091.63,No
FVW-00482,12,Premier,5984.1,No,9,3,5,Yes,Conservative,No,2.3,Yes,139775.55,No
FVW-00483,6,Private,9924.21,No,5,2,1,Yes,Moderate,No,28.2,Yes,82265.59,No
FVW-00484,18,Core,2908.03,No,5,3,3,No,Aggressive,No,28.5,No,33061.57,No
FVW-00485,5,Core,3082.92,No,4,1,4,No,Moderate,No,10.4,No,15213.47,No
FVW-00486,11,Premier,6054.24,No,5,2,2,No,Moderate,No,19.0,No,54794.29,No
FVW-00487,2,Private,19308.4,Yes,4,3,4,No,Conservative,Yes,9.9,No,33523.36,No
FVW-00488,4,Core,2600.63,No,0,2,3,Yes,Aggressive,No,3.7,No,14487.71,No
FVW-00489,21,Premier,5595.93,No,4,2,6,No,Aggressive,No,18.4,Yes,149724.13,No
FVW-00490,9,Core,1760.83,No,4,2,1,No,Moderate,No,8.1,Yes,16714.11,Yes
FVW-00491,6,Core,2114.3,Yes,2,4,1,No,Moderate,Yes,9.2,No,17450.53,No
FVW-00492,8,Premier,6722.24,No,3,3,2,No,Conservative,No,10.0,No,39839.08,No
FVW-00493,4,Core,2012.39,No,6,4,4,No,Conservative,No,5.2,No,8779.25,No
FVW-00494,12,Core,2388.78,No,1,3,6,No,Conservative,Yes,15.0,No,39270.98,No
FVW-00495,14,Private,13313.46,No,2,1,3,No,Moderate,Yes,7.3,No,293687.06,No
FVW-00496,13,Core,2110.17,No,3,1,4,No,Conservative,No,7.6,No,30281.54,No
FVW-00497,8,Premier,4986.77,No,3,5,3,Yes,Moderate,No,9.3,Yes,56631.19,No
FVW-00498,16,Premier,5936.66,No,2,2,1,No,Conservative,No,3.3,No,123533.52,No
FVW-00499,22,Core,2116.95,No,6,2,1,No,Moderate,No,25.4,No,41734.93,Yes
FVW-00500,17,Core,1623.07,Yes,2,5,3,No,Conservative,Yes,34.0,No,16602.85,No
FVW-00501,5,Core,1482.5,Yes,4,3,4,Yes,Moderate,Yes,5.4,No,8182.3,No
FVW-00502,12,Private,18107.82,Yes,5,2,2,No,Moderate,Yes,10.9,No,220367.68,No
FVW-00503,3,Private,14471.97,No,5,2,3,No,Moderate,No,1.8,No,44950.29,No
FVW-00504,2,Core,2268.43,No,5,2,4,Yes,Conservative,No,15.7,No,10395.31,No
FVW-00505,22,Premier,6308.52,Yes,3,4,3,No,Moderate,Yes,13.2,No,105775.0,Yes
FVW-00506,9,Premier,4268.83,No,8,2,1,No,Aggressive,No,4.2,Yes,55669.92,No
FVW-00507,6,Premier,5361.47,No,2,2,1,No,Conservative,No,3.9,No,7488.54,No
FVW-00508,20,Premier,3930.62,No,5,2,1,No,Moderate,No,4.0,No,59813.14,Yes
FVW-00509,13,Private,9000.0,Yes,6,1,4,Yes,Conservative,No,9.0,Yes,108082.18,No
FVW-00510,14,Core,2458.0,No,5,3,1,No,Aggressive,No,2.0,No,32143.87,Yes
FVW-00511,20,Core,2315.54,No,1,1,4,No,Moderate,No,4.8,Yes,24164.39,Yes
FVW-00512,25,Premier,6662.51,No,4,2,2,No,Conservative,No,3.3,Yes,226281.76,No
FVW-00513,23,Core,1935.27,No,2,2,3,No,Moderate,No,5.9,No,37107.67,Yes
FVW-00514,4,Premier,4463.48,Yes,4,1,1,No,Aggressive,No,8.2,Yes,8053.0,No
FVW-00515,13,Private,16240.07,No,5,3,1,No,Aggressive,Yes,15.0,No,202833.76,No
FVW-00516,22,Core,2409.41,No,3,2,3,No,Conservative,No,27.0,No,50321.91,Yes
FVW-00517,3,Core,1690.49,No,5,3,2,No,Conservative,No,4.0,No,9922.68,No
FVW-00518,7,Private,15124.77,Yes,6,1,2,No,Moderate,No,13.7,Yes,147749.45,No
FVW-00519,25,Core,1920.75,Yes,6,2,1,No,Moderate,No,24.9,No,50286.45,No
FVW-00520,2,Private,9000.0,No,5,2,6,No,Aggressive,No,21.6,No,21191.0,No
FVW-00521,20,Core,2771.73,No,4,1,0,No,Moderate,No,26.0,No,41008.15,No
FVW-00522,11,Premier,5869.19,No,4,2,6,Yes,Moderate,No,22.7,Yes,75109.51,No
FVW-00523,1,Private,15194.74,Yes,1,2,3,No,Moderate,No,7.7,Yes,20789.07,No
FVW-00524,11,Premier,5472.91,No,2,4,0,No,Conservative,No,33.1,Yes,78493.34,No
FVW-00525,3,Premier,4457.24,Yes,1,1,4,Yes,Conservative,No,8.0,Yes,13658.21,No
FVW-00526,24,Premier,4934.96,Yes,3,3,3,No,Moderate,No,2.6,No,81161.5,No
FVW-00527,25,Premier,5321.06,Yes,3,2,1,No,Moderate,No,35.1,Yes,93265.84,No
FVW-00528,21,Premier,5463.57,Yes,5,5,2,No,Aggressive,Yes,5.9,No,283758.83,No
FVW-00529,5,Core,1747.17,Yes,2,6,4,No,Conservative,No,11.0,No,15092.78,No
FVW-00530,25,Premier,5310.48,Yes,1,1,4,No,Conservative,No,4.8,Yes,100528.81,No
FVW-00531,14,Private,15520.14,No,4,1,2,Yes,Aggressive,No,5.4,No,199285.11,No
FVW-00532,6,Private,16595.17,Yes,5,4,5,No,Conservative,No,19.0,Yes,152067.0,No
FVW-00533,16,Core,2346.46,Yes,6,1,1,Yes,Moderate,No,1.8,No,47812.19,No
FVW-00534,16,Core,1506.63,No,5,2,3,Yes,Moderate,No,20.9,No,18800.23,Yes
FVW-00535,10,Private,10969.44,Yes,6,3,4,Yes,Conservative,No,9.1,No,48615.16,No
FVW-00536,23,Core,2070.78,Yes,2,4,1,No,Aggressive,No,10.6,No,71572.23,No
FVW-00537,7,Core,2616.07,Yes,2,4,4,Yes,Moderate,No,9.1,No,39285.14,No
FVW-00538,13,Private,12761.25,Yes,3,2,1,No,Aggressive,Yes,20.9,No,76152.14,No
FVW-00539,22,Core,2046.8,No,5,3,5,No,Conservative,No,10.8,No,39177.25,Yes
FVW-00540,24,Premier,7415.08,No,3,1,6,Yes,Aggressive,No,12.3,No,194393.27,No
FVW-00541,12,Premier,5259.83,No,8,1,1,No,Conservative,Yes,2.7,No,34143.54,Yes
FVW-00542,14,Premier,4691.12,No,5,1,2,Yes,Conservative,No,6.0,No,168223.91,No
FVW-00543,25,Core,2284.02,Yes,5,2,1,No,Conservative,Yes,14.6,Yes,44998.77,No
FVW-00544,18,Premier,4347.58,No,6,4,4,No,Moderate,No,7.8,No,115978.81,No
FVW-00545,25,Private,16368.41,Yes,4,3,3,Yes,Moderate,No,7.7,Yes,256438.13,No
FVW-00546,11,Premier,6658.81,No,2,2,1,No,Aggressive,No,11.1,Yes,28586.18,No
FVW-00547,4,Core,1995.75,Yes,5,7,3,Yes,Conservative,No,8.7,No,6830.13,No
FVW-00548,10,Core,2042.14,No,5,4,6,No,Aggressive,No,10.5,No,14769.33,No
FVW-00549,7,Private,17813.4,Yes,1,2,2,No,Conservative,No,7.7,No,195151.85,No
FVW-00550,24,Private,12847.1,Yes,2,2,3,Yes,Aggressive,No,2.7,No,113936.81,No
FVW-00551,2,Core,2357.26,No,6,4,7,No,Moderate,No,2.1,No,1477.39,Yes
FVW-00552,11,Premier,4543.96,No,1,1,8,Yes,Aggressive,Yes,15.6,No,61400.16,No
FVW-00553,23,Premier,5478.22,Yes,3,1,3,Yes,Conservative,No,10.0,No,281710.27,No
FVW-00554,5,Core,2251.51,No,2,3,5,No,Conservative,Yes,8.9,No,17237.44,Yes
FVW-00555,7,Core,2549.68,Yes,6,2,1,Yes,Conservative,No,6.9,Yes,24816.51,No
FVW-00556,9,Core,2787.47,No,6,1,5,No,Aggressive,No,11.9,Yes,6315.08,Yes
FVW-00557,10,Core,1777.4,No,2,1,4,No,Moderate,No,23.7,No,20155.08,No
FVW-00558,25,Core,1911.75,Yes,7,5,2,No,Conservative,No,3.7,No,69956.45,No
FVW-00559,14,Premier,4871.37,Yes,4,3,2,No,Aggressive,No,6.0,No,57204.67,No
FVW-00560,20,Premier,6439.74,No,3,1,2,No,Moderate,No,7.5,Yes,217379.61,No
FVW-00561,8,Premier,6759.26,No,2,1,4,No,Conservative,Yes,14.4,No,52110.02,No
FVW-00562,24,Premier,4124.19,No,4,1,2,No,Conservative,No,18.8,No,59277.78,Yes
FVW-00563,10,Core,1845.02,Yes,3,3,5,Yes,Conservative,No,4.6,No,20231.69,No
FVW-00564,2,Core,2162.4,No,5,1,4,No,Moderate,No,28.8,No,4369.89,No
FVW-00565,1,Core,2552.94,Yes,3,1,2,No,Conservative,No,6.2,Yes,11859.3,Yes
FVW-00566,18,Premier,4909.43,No,8,1,5,No,Conservative,No,7.3,Yes,82452.17,No
FVW-00567,20,Private,15992.18,Yes,7,2,3,No,Conservative,No,8.6,Yes,282578.68,No
FVW-00568,10,Core,1666.14,Yes,3,4,3,No,Aggressive,No,11.2,No,26349.29,No
FVW-00569,24,Core,2105.83,Yes,2,2,5,No,Moderate,No,10.5,No,57313.67,No
FVW-00570,12,Private,14403.41,Yes,2,3,5,No,Moderate,No,8.7,No,97113.0,No
FVW-00571,17,Private,17064.04,No,3,2,1,No,Conservative,No,4.2,Yes,264989.74,No
FVW-00572,0,Core,1951.06,No,3,3,1,No,Moderate,No,9.2,No,0.0,Yes
FVW-00573,4,Premier,5436.62,Yes,4,2,3,No,Conservative,No,10.4,No,62826.88,No
FVW-00574,8,Core,1200.0,Yes,4,3,6,No,Conservative,Yes,11.7,No,11818.61,Yes
FVW-00575,5,Premier,6501.98,No,2,7,4,No,Moderate,No,7.9,No,36203.06,No
FVW-00576,20,Core,2161.49,Yes,8,1,6,No,Moderate,No,8.6,No,61543.55,No
FVW-00577,16,Premier,7198.01,No,3,2,5,No,Conservative,No,2.7,Yes,154629.39,No
FVW-00578,7,Core,2030.49,No,4,4,4,No,Moderate,No,8.0,No,13045.28,Yes
FVW-00579,16,Premier,5936.8,Yes,2,3,3,Yes,Moderate,No,5.8,No,88439.87,No
FVW-00580,7,Premier,4657.27,Yes,5,3,3,No,Conservative,No,0.5,No,57590.22,Yes
FVW-00581,10,Private,14767.5,No,8,2,2,Yes,Conservative,No,4.5,No,175524.61,No
FVW-00582,11,Premier,5580.17,Yes,1,1,7,Yes,Conservative,No,12.7,No,38401.57,No
FVW-00583,21,Premier,5528.65,Yes,4,4,3,No,Aggressive,No,5.3,Yes,104185.03,No
FVW-00584,22,Premier,5222.0,Yes,1,4,2,Yes,Aggressive,No,29.8,No,179738.61,No
FVW-00585,23,Core,1684.19,No,5,3,3,No,Aggressive,No,18.5,Yes,50775.59,Yes
FVW-00586,10,Premier,5234.69,Yes,3,5,3,No,Moderate,Yes,10.1,No,100377.26,No
FVW-00587,20,Premier,6169.12,No,7,1,5,Yes,Moderate,No,1.5,Yes,88357.72,No
FVW-00588,19,Premier,6300.66,No,6,2,3,Yes,Moderate,No,24.3,No,169177.73,No
FVW-00589,20,Private,14448.32,No,4,3,2,No,Moderate,No,10.9,Yes,815290.24,No
FVW-00590,24,Core,1781.53,Yes,1,2,4,No,Moderate,No,13.2,Yes,39978.13,No
FVW-00591,20,Core,2485.5,No,3,2,6,No,Moderate,Yes,9.2,No,76899.05,No
FVW-00592,3,Premier,4986.9,Yes,1,2,5,No,Moderate,No,1.0,Yes,7312.53,No
FVW-00593,19,Core,1898.79,No,4,3,3,No,Moderate,No,4.8,No,80487.51,No
FVW-00594,17,Premier,6655.35,Yes,5,5,2,No,Moderate,No,11.4,No,118798.31,No
FVW-00595,11,Core,2300.31,No,2,2,2,No,Aggressive,No,13.4,Yes,19786.58,No
FVW-00596,4,Private,16074.72,No,10,3,4,No,Moderate,No,4.7,No,122272.27,No
FVW-00597,9,Core,2409.24,No,3,2,7,No,Conservative,No,10.2,Yes,50516.66,No
FVW-00598,2,Premier,6163.76,No,4,3,6,No,Aggressive,No,20.3,Yes,10085.15,No
FVW-00599,7,Premier,5422.6,No,3,3,4,No,Conservative,No,13.0,No,34558.46,Yes
FVW-00600,20,Core,2883.61,Yes,4,4,4,No,Moderate,No,24.7,Yes,82590.02,Yes
FVW-00601,0,Private,14511.94,Yes,2,2,3,No,Conservative,No,16.0,Yes,0.0,No
FVW-00602,7,Core,1604.75,No,2,4,6,No,Moderate,No,4.8,Yes,6310.93,No
FVW-00603,0,Premier,4482.07,No,4,4,5,No,Moderate,No,5.2,No,3304.17,No
FVW-00604,4,Private,15579.07,No,6,2,7,No,Conservative,No,10.8,No,87262.06,No
FVW-00605,25,Core,2620.27,No,3,3,1,No,Conservative,No,15.2,No,150004.28,No
FVW-00606,20,Premier,4816.64,Yes,5,1,3,Yes,Conservative,No,9.5,No,54717.3,No
FVW-00607,25,Premier,5462.64,Yes,5,2,2,No,Conservative,No,3.7,No,274355.49,No
FVW-00608,5,Premier,5071.43,No,6,6,4,No,Aggressive,Yes,14.5,Yes,52622.94,No
FVW-00609,23,Private,10599.12,No,9,2,2,No,Aggressive,No,15.6,Yes,929831.5,No
FVW-00610,10,Core,2884.17,Yes,5,3,2,No,Conservative,No,19.0,Yes,35974.76,Yes
FVW-00611,2,Private,19636.66,No,7,1,6,Yes,Moderate,No,5.9,Yes,57277.97,No
FVW-00612,0,Core,2602.13,No,6,2,3,Yes,Conservative,No,2.0,No,3699.85,No
FVW-00613,19,Core,1504.92,No,3,1,3,No,Aggressive,No,15.0,No,37941.77,No
FVW-00614,9,Private,15506.85,Yes,3,1,2,No,Moderate,No,12.3,No,172453.28,No
FVW-00615,25,Private,11113.29,Yes,3,1,2,No,Conservative,Yes,19.9,Yes,371725.2,No
FVW-00616,5,Core,2843.54,No,4,2,2,No,Moderate,No,4.2,No,12683.44,No
FVW-00617,20,Premier,5231.24,No,3,2,2,No,Moderate,No,21.2,No,99422.34,No
FVW-00618,4,Private,15118.21,Yes,3,4,4,No,Moderate,No,6.4,Yes,30745.36,No
FVW-00619,15,Core,1941.84,Yes,1,4,2,Yes,Moderate,No,8.3,No,48014.42,No
FVW-00620,17,Core,2154.57,Yes,1,4,1,No,Conservative,No,8.4,No,15678.29,No
FVW-00621,21,Core,2502.99,Yes,3,4,5,No,Moderate,No,6.3,No,71720.41,No
FVW-00622,23,Premier,4966.5,Yes,4,1,3,No,Aggressive,No,8.9,Yes,256069.38,No
FVW-00623,4,Core,2192.79,Yes,5,1,9,No,Aggressive,No,3.7,No,9769.3,Yes
FVW-00624,9,Core,2333.1,No,4,1,4,No,Conservative,No,10.8,No,15641.56,No
FVW-00625,8,Core,1818.78,Yes,6,5,3,No,Moderate,No,13.8,No,29909.01,No
FVW-00626,0,Core,2817.91,Yes,4,2,1,No,Conservative,No,18.0,No,0.0,Yes
FVW-00627,13,Premier,5613.8,Yes,5,2,2,No,Conservative,No,11.2,No,44756.08,No
FVW-00628,15,Core,2750.98,No,4,1,6,No,Conservative,No,1.8,No,57080.63,No
FVW-00629,10,Core,2382.56,Yes,1,2,3,No,Conservative,No,7.7,No,33446.47,No
FVW-00630,7,Core,2332.2,No,4,2,1,No,Conservative,No,6.1,No,13742.21,No
FVW-00631,25,Private,15695.96,No,7,1,2,No,Aggressive,No,9.8,Yes,328605.58,No
FVW-00632,25,Private,13183.2,Yes,5,5,3,Yes,Moderate,Yes,17.3,No,256497.18,No
FVW-00633,18,Premier,5725.73,Yes,6,1,4,No,Moderate,No,4.3,No,175347.7,No
FVW-00634,10,Premier,5875.29,No,4,1,2,No,Moderate,Yes,13.2,Yes,30704.44,No
FVW-00635,2,Private,14571.27,No,3,2,2,No,Conservative,No,13.4,No,11759.96,No
FVW-00636,0,Core,2662.0,No,4,4,3,Yes,Moderate,No,12.8,Yes,0.0,No
FVW-00637,14,Core,1867.72,No,3,2,4,No,Conservative,No,11.1,Yes,21414.51,Yes
FVW-00638,9,Premier,5634.23,Yes,5,2,9,Yes,Aggressive,No,5.5,Yes,60609.67,No
FVW-00639,16,Premier,6485.65,No,5,4,4,No,Moderate,No,3.7,Yes,86945.82,No
FVW-00640,15,Premier,6314.61,Yes,4,3,6,No,Moderate,No,15.8,No,136014.56,No
FVW-00641,1,Core,2013.11,No,2,1,5,No,Aggressive,No,50.8,Yes,343.52,Yes
FVW-00642,14,Core,2631.58,No,4,1,5,No,Moderate,No,6.1,No,35272.36,Yes
FVW-00643,2,Core,2030.09,Yes,3,1,3,No,Conservative,No,8.0,No,9711.71,No
FVW-00644,23,Core,1484.26,Yes,4,4,3,Yes,Moderate,No,4.8,No,50381.69,No
FVW-00645,10,Private,12380.53,Yes,3,3,8,No,Conservative,Yes,24.9,Yes,62054.15,No
FVW-00646,15,Core,2080.35,No,3,2,2,No,Aggressive,No,8.9,Yes,74511.46,Yes
FVW-00647,21,Premier,4445.66,Yes,1,2,3,No,Moderate,No,7.8,No,233884.27,No
FVW-00648,18,Premier,4139.35,No,5,2,6,No,Conservative,No,15.0,No,73193.0,No
FVW-00649,15,Core,1880.08,Yes,3,4,5,No,Conservative,No,2.1,Yes,25133.58,No
FVW-00650,16,Premier,6557.24,Yes,4,4,2,No,Conservative,No,12.9,No,87559.02,No
FVW-00651,25,Core,1918.69,Yes,2,3,0,No,Conservative,No,5.1,No,99525.1,No
FVW-00652,21,Premier,5332.17,No,5,3,3,No,Moderate,No,10.3,No,83003.03,No
FVW-00653,20,Private,11513.53,Yes,7,1,3,No,Conservative,Yes,2.1,Yes,99690.31,No
FVW-00654,0,Premier,4410.24,Yes,8,2,6,No,Aggressive,No,5.8,No,1944.16,No
FVW-00655,2,Private,15424.93,No,2,4,6,No,Conservative,No,3.6,Yes,15273.03,No
FVW-00656,19,Core,2274.72,No,5,2,2,No,Aggressive,No,31.3,No,34633.53,No
FVW-00657,16,Premier,6756.59,No,2,2,6,No,Conservative,No,3.5,Yes,100853.53,No
FVW-00658,7,Core,2723.79,No,4,5,6,Yes,Moderate,No,27.8,No,26583.16,No
FVW-00659,25,Premier,4880.75,No,3,3,1,No,Conservative,No,25.2,No,122964.28,No
FVW-00660,25,Core,1638.04,No,6,4,3,No,Conservative,No,24.5,Yes,43660.41,No
FVW-00661,2,Core,2777.35,No,3,1,1,No,Moderate,No,8.4,No,7918.1,No
FVW-00662,15,Core,2571.35,Yes,4,3,1,Yes,Conservative,No,18.1,Yes,72461.33,No
FVW-00663,6,Core,1684.92,No,2,5,4,Yes,Conservative,No,24.8,No,15033.26,Yes
FVW-00664,25,Premier,5951.92,Yes,2,3,1,Yes,Moderate,No,6.8,Yes,309657.85,No
FVW-00665,3,Private,11759.49,No,4,5,3,No,Aggressive,No,9.7,Yes,42476.86,No
FVW-00666,10,Core,1979.94,No,3,1,4,No,Aggressive,No,22.9,Yes,5436.58,No
FVW-00667,15,Core,2482.13,No,3,2,5,No,Moderate,No,1.0,No,39807.42,Yes
FVW-00668,20,Premier,5979.93,Yes,5,2,2,Yes,Conservative,No,13.8,Yes,163698.63,No
FVW-00669,10,Private,15555.77,No,6,3,0,No,Moderate,No,6.0,No,176172.4,No
FVW-00670,11,Core,2326.78,No,1,3,1,Yes,Conservative,No,12.9,Yes,37493.99,No
FVW-00671,5,Core,2031.06,Yes,5,5,1,Yes,Moderate,No,5.9,Yes,13196.89,No
FVW-00672,10,Premier,3500.0,No,6,2,6,Yes,Moderate,No,11.1,Yes,9744.76,No
FVW-00673,0,Premier,6384.45,Yes,5,2,3,No,Conservative,No,5.2,No,4170.33,No
FVW-00674,11,Premier,4218.96,No,3,4,4,Yes,Conservative,No,16.4,No,26390.69,No
FVW-00675,10,Premier,6923.74,Yes,5,3,0,No,Moderate,No,37.9,Yes,88039.94,No
FVW-00676,7,Premier,6408.06,Yes,3,1,1,No,Moderate,No,2.7,No,40061.13,No
FVW-00677,9,Premier,5182.71,Yes,8,3,3,No,Moderate,No,4.6,Yes,51498.2,No
FVW-00678,5,Premier,7122.94,Yes,3,1,2,No,Conservative,No,19.3,No,10913.68,No
FVW-00679,20,Private,17135.44,Yes,9,3,1,No,Conservative,Yes,6.0,Yes,329338.19,No
FVW-00680,1,Private,13186.79,Yes,6,4,0,No,Conservative,No,10.8,No,29987.86,No
FVW-00681,9,Premier,3530.09,Yes,3,1,6,No,Conservative,No,7.5,No,21627.44,No
FVW-00682,11,Private,12894.58,Yes,5,2,5,No,Aggressive,No,8.5,No,84096.68,No
FVW-00683,24,Premier,7023.59,No,1,1,4,Yes,Moderate,No,3.1,Yes,218827.79,No
FVW-00684,18,Core,2556.61,No,3,2,4,No,Moderate,No,3.4,No,48614.03,No
FVW-00685,5,Core,2123.64,No,3,2,1,No,Moderate,Yes,17.0,No,8801.0,No
FVW-00686,22,Core,2782.66,No,8,6,5,Yes,Moderate,No,11.6,Yes,62518.35,No
FVW-00687,11,Premier,6079.91,Yes,6,1,1,No,Conservative,No,8.0,No,101010.67,No
FVW-00688,11,Core,2370.22,Yes,2,3,1,No,Moderate,No,5.3,No,16491.87,No
FVW-00689,19,Premier,7305.11,No,3,3,3,No,Aggressive,Yes,22.3,Yes,45250.26,Yes
FVW-00690,6,Premier,7478.84,No,3,2,3,No,Moderate,No,17.4,Yes,74328.28,No
FVW-00691,19,Private,12113.94,Yes,3,2,2,No,Aggressive,No,35.9,No,227890.49,No
FVW-00692,13,Core,2116.94,No,2,5,4,No,Moderate,No,17.7,No,25431.28,No
FVW-00693,21,Premier,5575.59,Yes,6,2,3,No,Conservative,No,9.4,No,113550.46,No
FVW-00694,9,Core,1939.02,No,5,6,2,No,Moderate,No,2.4,Yes,11870.09,No
FVW-00695,6,Premier,7215.41,Yes,3,3,4,Yes,Moderate,No,11.5,Yes,34044.06,No
FVW-00696,1,Core,1887.25,Yes,6,2,5,No,Conservative,No,12.6,No,10697.4,Yes
FVW-00697,25,Core,2024.15,No,5,5,5,No,Moderate,No,11.7,No,141353.37,No
FVW-00698,12,Premier,6731.96,Yes,7,3,2,No,Moderate,Yes,14.0,No,43710.91,No
FVW-00699,12,Core,2783.72,No,12,3,0,No,Moderate,No,9.0,Yes,52192.37,No
FVW-00700,21,Core,2166.72,Yes,3,3,2,No,Moderate,No,3.9,Yes,57050.45,Yes
FVW-00701,23,Core,1961.99,No,6,1,7,No,Conservative,No,12.4,Yes,46207.06,No
FVW-00702,23,Premier,7391.75,Yes,4,2,2,No,Aggressive,No,5.0,No,230361.86,No
FVW-00703,13,Private,12703.19,No,5,2,5,No,Moderate,No,7.1,No,293518.56,No
FVW-00704,19,Core,2097.11,No,4,3,0,No,Conservative,No,9.0,No,51789.88,No
FVW-00705,12,Premier,6355.95,Yes,2,1,4,No,Aggressive,No,39.8,No,63254.42,No
FVW-00706,21,Premier,5063.86,No,5,2,6,Yes,Moderate,No,6.0,Yes,34613.18,No
FVW-00707,11,Core,1698.29,No,3,2,4,No,Moderate,No,32.9,No,27576.19,No
FVW-00708,21,Private,11644.39,Yes,3,1,0,No,Conservative,No,22.5,No,236129.17,No
FVW-00709,4,Premier,5815.82,No,3,3,2,No,Aggressive,Yes,6.2,No,19953.15,No
FVW-00710,19,Core,2128.34,Yes,2,2,3,No,Moderate,No,29.4,Yes,51551.55,No
FVW-00711,9,Private,11404.57,No,2,3,3,No,Conservative,No,29.3,No,96724.81,No
FVW-00712,15,Core,2256.86,No,3,1,3,No,Moderate,No,19.6,Yes,19709.79,No
FVW-00713,2,Core,2171.47,Yes,3,3,4,No,Moderate,No,17.3,No,6481.74,No
FVW-00714,2,Private,9024.49,No,2,4,3,Yes,Moderate,No,13.9,No,16299.94,No
FVW-00715,24,Core,3143.53,No,6,2,4,Yes,Moderate,No,28.7,No,52350.21,No
FVW-00716,0,Private,10869.17,Yes,4,4,2,No,Aggressive,Yes,26.0,No,572.74,No
FVW-00717,6,Core,2453.56,No,2,2,0,No,Aggressive,No,14.6,Yes,34962.39,No
FVW-00718,2,Premier,5721.91,No,2,3,0,No,Moderate,No,17.4,Yes,13387.76,Yes
FVW-00719,5,Core,1468.3,Yes,5,4,4,No,Aggressive,No,5.2,No,11412.73,No
FVW-00720,4,Premier,6159.61,Yes,6,1,4,Yes,Aggressive,No,57.8,No,13946.06,No
FVW-00721,18,Core,2777.86,No,3,2,1,No,Moderate,No,1.8,No,57396.99,No
FVW-00722,1,Core,2400.53,No,5,1,1,No,Moderate,No,3.8,No,5673.83,No
FVW-00723,21,Private,18696.2,Yes,5,2,3,No,Conservative,No,12.1,Yes,353917.65,No
FVW-00724,17,Private,17089.54,Yes,2,4,1,No,Aggressive,No,7.6,No,367718.52,No
FVW-00725,3,Premier,5663.89,Yes,5,1,2,No,Conservative,No,18.7,No,20680.94,No
FVW-00726,11,Core,1804.68,Yes,6,3,1,No,Conservative,No,12.2,No,20427.83,No
FVW-00727,10,Core,2357.5,No,5,2,8,No,Moderate,Yes,16.9,No,15801.23,No
FVW-00728,11,Core,1949.05,Yes,4,2,5,No,Moderate,No,7.4,No,22051.16,No
FVW-00729,6,Core,2666.76,No,4,5,7,No,Aggressive,No,1.7,No,16082.21,No
FVW-00730,6,Premier,6701.06,Yes,6,1,0,No,Moderate,No,7.5,No,40896.26,No
FVW-00731,2,Core,1938.71,No,7,1,5,Yes,Conservative,No,6.3,No,7987.99,Yes
FVW-00732,20,Core,2741.57,No,4,5,1,No,Moderate,No,13.3,Yes,47315.34,No
FVW-00733,20,Core,3200.0,Yes,3,3,2,No,Moderate,No,7.2,No,69282.7,Yes
FVW-00734,10,Premier,6682.27,No,1,5,4,No,Aggressive,No,10.1,Yes,43882.48,No
FVW-00735,21,Core,2827.37,Yes,8,1,0,No,Moderate,No,17.8,No,69697.66,Yes
FVW-00736,1,Private,11925.56,No,3,3,1,No,Moderate,No,21.2,No,18612.72,No
FVW-00737,7,Core,2392.72,No,5,3,5,Yes,Conservative,No,8.3,Yes,21090.14,No
FVW-00738,1,Premier,7110.04,Yes,3,2,5,No,Moderate,Yes,1.8,No,14578.95,No
FVW-00739,22,Core,2306.72,No,7,1,5,No,Moderate,No,13.3,No,98106.77,No
FVW-00740,7,Core,1965.63,No,3,4,3,No,Conservative,No,3.6,Yes,17595.33,No
FVW-00741,10,Premier,6390.68,Yes,7,1,3,No,Conservative,Yes,6.6,No,37012.34,No
FVW-00742,2,Core,2430.99,Yes,3,1,3,Yes,Moderate,Yes,2.2,Yes,9467.17,No
FVW-00743,12,Core,2542.27,Yes,3,2,4,No,Moderate,No,8.6,No,35118.24,No
FVW-00744,0,Private,17106.97,No,6,2,3,Yes,Moderate,No,9.0,Yes,2343.61,No
FVW-00745,3,Premier,4642.45,Yes,0,2,4,Yes,Conservative,No,23.6,Yes,19171.88,No
FVW-00746,0,Core,2384.81,Yes,7,2,6,No,Moderate,No,19.6,No,6985.47,No
FVW-00747,19,Premier,6066.11,No,2,3,1,No,Aggressive,No,24.6,No,41126.47,No
FVW-00748,17,Premier,4387.7,No,2,2,2,Yes,Moderate,No,7.0,Yes,46537.65,No
FVW-00749,1,Premier,6144.11,Yes,3,3,2,No,Aggressive,No,11.2,No,12034.57,No
FVW-00750,1,Premier,5997.76,No,2,4,3,No,Moderate,Yes,8.5,Yes,8328.22,No
FVW-00751,6,Core,2162.51,Yes,3,1,2,No,Aggressive,No,0.8,Yes,32341.28,No
FVW-00752,11,Core,2012.22,No,6,3,1,No,Conservative,Yes,11.7,Yes,4725.21,No
FVW-00753,7,Private,14882.5,Yes,3,2,3,Yes,Conservative,No,15.4,No,229743.96,No
FVW-00754,10,Premier,4983.87,No,7,3,0,No,Aggressive,No,13.0,No,43404.55,No
FVW-00755,14,Core,2414.65,Yes,2,3,0,No,Conservative,No,17.5,No,18313.61,No
FVW-00756,4,Core,1774.43,No,5,2,4,No,Aggressive,Yes,6.9,No,12967.4,No
FVW-00757,0,Core,2407.86,No,4,2,3,Yes,Moderate,No,3.0,No,0.0,No
FVW-00758,25,Private,9000.0,Yes,4,2,2,Yes,Moderate,No,18.0,No,182397.16,No
FVW-00759,15,Premier,5815.92,No,9,4,5,Yes,Conservative,No,29.6,No,134718.77,No
FVW-00760,20,Premier,5503.41,Yes,1,3,1,No,Aggressive,Yes,4.4,No,75880.99,No
FVW-00761,11,Premier,5145.41,No,2,2,2,No,Moderate,Yes,6.6,No,71572.28,No
FVW-00762,19,Premier,6980.29,Yes,3,4,3,No,Conservative,No,31.5,No,87929.17,No
FVW-00763,16,Core,2178.13,Yes,4,5,3,Yes,Conservative,No,7.9,No,64015.21,No
FVW-00764,3,Premier,6145.97,Yes,2,1,5,No,Moderate,No,35.6,No,33259.14,No
FVW-00765,14,Private,15253.84,Yes,3,3,2,No,Moderate,Yes,6.1,No,177154.75,No
FVW-00766,4,Core,1490.21,No,4,3,4,Yes,Aggressive,No,21.2,No,7397.99,Yes
FVW-00767,6,Premier,3786.89,Yes,6,3,3,No,Conservative,No,6.5,No,18888.4,No
FVW-00768,8,Private,12356.17,Yes,11,4,1,Yes,Moderate,No,4.6,No,130226.63,No
FVW-00769,10,Premier,4707.63,Yes,4,2,3,No,Aggressive,No,22.6,No,37112.6,No
FVW-00770,11,Core,2155.2,Yes,5,3,1,No,Conservative,No,3.9,Yes,11707.95,No
FVW-00771,6,Private,9887.53,Yes,6,3,4,No,Moderate,No,29.0,No,31950.41,No
FVW-00772,4,Core,1744.41,Yes,4,3,1,No,Aggressive,No,2.4,Yes,3307.64,Yes
FVW-00773,5,Core,2403.58,Yes,7,3,1,No,Moderate,No,11.8,No,17288.32,No
FVW-00774,5,Premier,5808.38,No,2,3,6,Yes,Aggressive,No,7.7,No,13418.65,No
FVW-00775,2,Premier,6164.09,Yes,5,1,3,No,Conservative,No,1.8,No,11335.25,No
FVW-00776,1,Core,2303.1,No,4,3,2,No,Moderate,No,19.5,No,2426.45,No
FVW-00777,11,Private,13923.07,Yes,8,3,5,Yes,Moderate,Yes,6.4,No,348752.59,No
FVW-00778,12,Core,1969.61,No,5,2,1,Yes,Conservative,Yes,5.5,Yes,36465.5,Yes
FVW-00779,22,Core,2756.54,Yes,3,1,3,Yes,Conservative,No,7.6,No,39160.34,No
FVW-00780,16,Private,10021.05,Yes,2,2,8,Yes,Conservative,Yes,21.7,Yes,445333.3,No
FVW-00781,10,Premier,6762.21,Yes,9,5,4,No,Moderate,Yes,12.7,No,32400.97,No
FVW-00782,19,Private,12911.26,Yes,2,4,3,Yes,Moderate,Yes,11.8,No,136449.51,No
FVW-00783,22,Premier,4661.75,Yes,3,4,3,No,Moderate,No,28.6,Yes,141477.16,No
FVW-00784,19,Premier,4941.43,Yes,5,1,3,No,Aggressive,No,3.5,Yes,73113.71,No
FVW-00785,7,Premier,4936.22,Yes,4,2,4,No,Conservative,No,6.1,Yes,24661.55,No
FVW-00786,24,Core,1919.18,Yes,1,5,6,No,Conservative,No,8.2,No,74485.5,Yes
FVW-00787,23,Premier,5769.14,Yes,4,5,6,No,Aggressive,No,5.2,Yes,132878.48,No
FVW-00788,11,Core,2059.5,No,4,1,1,No,Aggressive,No,30.7,Yes,26183.33,No
FVW-00789,1,Premier,5940.79,Yes,2,3,1,No,Aggressive,No,5.2,Yes,7660.21,No
FVW-00790,15,Core,2170.39,No,8,1,7,No,Moderate,No,19.4,Yes,28958.9,Yes
FVW-00791,0,Premier,5653.85,Yes,3,1,2,No,Aggressive,No,3.3,No,3661.43,No
FVW-00792,6,Premier,6568.85,No,4,3,5,No,Conservative,No,9.7,Yes,25696.03,No
FVW-00793,3,Premier,7046.31,Yes,4,5,3,No,Conservative,Yes,10.2,Yes,50681.05,No
FVW-00794,10,Premier,4651.18,Yes,4,3,5,Yes,Aggressive,No,17.1,No,33573.5,No
FVW-00795,12,Premier,6062.41,Yes,5,3,5,Yes,Moderate,Yes,29.7,Yes,93409.64,No
FVW-00796,8,Premier,6207.13,Yes,2,3,5,No,Moderate,No,13.7,Yes,50962.59,No
FVW-00797,21,Core,1847.77,No,6,2,3,No,Conservative,No,8.5,No,51138.1,No
FVW-00798,25,Private,16934.72,Yes,2,1,2,No,Moderate,No,15.2,No,909144.27,No
FVW-00799,0,Premier,4998.86,Yes,5,5,2,No,Aggressive,Yes,0.9,No,5869.07,No
FVW-00800,12,Premier,6154.08,Yes,5,2,1,No,Moderate,No,12.8,No,87981.52,No
FVW-00801,5,Premier,7966.64,No,2,2,0,No,Moderate,Yes,10.3,No,35353.52,No
FVW-00802,17,Core,1534.3,No,3,2,2,No,Aggressive,No,1.6,No,28365.77,No
FVW-00803,24,Premier,5472.09,No,1,2,5,Yes,Conservative,No,17.4,No,139759.55,No
FVW-00804,24,Private,15366.7,No,3,3,3,No,Conservative,Yes,6.6,Yes,265238.4,No
FVW-00805,18,Premier,5636.38,No,7,3,3,Yes,Moderate,Yes,7.3,Yes,101128.79,No
FVW-00806,17,Core,2767.34,Yes,3,1,4,No,Moderate,No,7.2,No,17235.25,No
FVW-00807,25,Core,1916.71,No,3,2,3,Yes,Conservative,No,24.3,No,32315.05,Yes
FVW-00808,17,Premier,6185.59,No,3,2,9,Yes,Moderate,Yes,13.5,No,126496.85,No
FVW-00809,11,Premier,6503.12,Yes,3,3,7,No,Conservative,No,15.0,Yes,73338.16,No
FVW-00810,6,Premier,5738.54,No,5,2,1,No,Conservative,No,7.7,Yes,21359.0,No
FVW-00811,16,Premier,5346.66,Yes,6,2,5,No,Moderate,No,2.9,No,80363.82,No
FVW-00812,1,Core,2430.95,No,3,1,5,Yes,Moderate,No,8.7,Yes,4992.22,No
FVW-00813,15,Premier,6402.2,Yes,1,1,3,No,Conservative,No,7.3,No,81711.05,No
FVW-00814,23,Core,2699.77,No,4,2,4,No,Aggressive,No,1.3,No,44677.1,No
FVW-00815,1,Private,13520.15,Yes,1,1,3,Yes,Moderate,No,5.1,No,13517.39,No
FVW-00816,10,Premier,6521.97,Yes,5,4,3,No,Conservative,Yes,19.7,Yes,47564.15,No
FVW-00817,24,Core,2012.37,Yes,5,3,4,No,Conservative,No,1.0,Yes,42915.05,No
FVW-00818,7,Core,2601.29,Yes,2,2,2,No,Moderate,No,8.4,Yes,21889.34,No
FVW-00819,18,Premier,5948.25,Yes,1,3,3,Yes,Moderate,No,3.4,No,87755.05,No
FVW-00820,13,Core,2091.25,Yes,6,2,1,No,Aggressive,No,21.0,No,40202.03,No
FVW-00821,20,Private,13547.47,Yes,4,1,1,No,Conservative,No,37.8,No,180752.02,No
FVW-00822,1,Core,2891.53,No,5,2,3,No,Conservative,No,13.0,No,6132.18,No
FVW-00823,2,Core,3200.0,No,3,2,1,No,Conservative,No,28.2,No,5347.86,No
FVW-00824,13,Private,13955.75,Yes,5,2,5,Yes,Moderate,Yes,6.3,No,187642.92,No
FVW-00825,25,Core,1778.99,No,1,3,5,No,Aggressive,No,8.1,No,35476.65,No
FVW-00826,7,Premier,6765.9,No,4,3,7,No,Moderate,No,1.8,No,49244.04,No
FVW-00827,8,Core,1948.29,No,3,5,4,Yes,Conservative,No,17.4,No,23052.32,No
FVW-00828,2,Core,1732.51,No,3,9,2,Yes,Moderate,No,6.3,No,2684.91,No
FVW-00829,13,Core,1984.63,Yes,5,3,2,No,Moderate,No,31.3,Yes,24679.78,No
FVW-00830,21,Private,18291.61,Yes,2,2,3,Yes,Aggressive,No,1.4,No,463897.63,No
FVW-00831,4,Premier,5852.15,No,6,2,3,No,Moderate,No,7.2,Yes,31662.81,Yes
FVW-00832,0,Core,1571.1,No,1,3,6,No,Aggressive,No,4.7,No,3172.78,No
FVW-00833,6,Premier,6475.42,No,2,2,4,Yes,Moderate,No,23.8,No,43630.01,No
FVW-00834,6,Core,2173.66,Yes,6,1,1,No,Aggressive,Yes,34.3,Yes,32191.7,No
FVW-00835,6,Core,1728.22,Yes,3,3,6,No,Moderate,No,18.0,Yes,15260.57,No
FVW-00836,2,Private,16554.83,No,2,1,7,No,Moderate,No,19.6,No,28395.62,No
FVW-00837,12,Core,1562.38,Yes,5,5,2,Yes,Moderate,No,10.0,No,6802.51,Yes
FVW-00838,17,Core,1643.34,Yes,4,1,3,No,Moderate,No,19.6,Yes,22918.77,No
FVW-00839,11,Premier,5868.02,No,5,3,2,No,Conservative,No,14.9,Yes,112565.53,No
FVW-00840,18,Premier,5510.59,Yes,2,3,4,Yes,Moderate,No,12.4,No,146588.77,No
FVW-00841,25,Core,2524.42,No,6,3,2,No,Moderate,No,24.1,No,114255.02,Yes
FVW-00842,19,Core,1560.93,Yes,7,5,3,No,Aggressive,No,1.0,Yes,24909.99,No
FVW-00843,23,Core,1880.97,No,4,3,2,No,Moderate,No,4.6,Yes,53078.6,No
FVW-00844,6,Core,1911.65,No,3,1,4,Yes,Aggressive,No,14.2,Yes,8419.5,No
FVW-00845,8,Private,13818.63,No,5,3,3,Yes,Conservative,No,10.2,No,119171.33,No
FVW-00846,5,Core,2151.08,No,3,4,2,No,Conservative,No,7.4,Yes,10130.16,No
FVW-00847,12,Premier,5906.24,No,4,2,1,No,Moderate,No,11.4,No,56476.23,No
FVW-00848,20,Core,2032.78,Yes,4,1,4,No,Aggressive,No,2.8,No,40625.94,No
FVW-00849,24,Private,16300.75,Yes,4,3,5,No,Moderate,No,4.7,No,226330.9,No
FVW-00850,15,Core,1749.3,No,2,3,3,No,Moderate,No,13.9,Yes,18048.41,No
FVW-00851,15,Core,1702.17,Yes,5,2,3,No,Moderate,No,8.1,No,44989.76,No
FVW-00852,16,Premier,5856.9,Yes,7,2,4,No,Conservative,Yes,18.6,No,191846.06,No
FVW-00853,1,Core,2158.87,No,3,2,1,Yes,Aggressive,No,17.3,No,4699.64,Yes
FVW-00854,0,Private,16547.74,No,2,3,4,Yes,Moderate,No,1.4,Yes,8286.08,No
FVW-00855,5,Core,2104.41,No,3,1,2,Yes,Moderate,No,20.2,Yes,20529.31,Yes
FVW-00856,19,Core,1873.68,No,3,5,3,No,Conservative,No,20.7,Yes,45350.13,No
FVW-00857,4,Core,2205.49,No,5,3,4,No,Moderate,No,4.9,No,13836.34,No
FVW-00858,15,Premier,6067.81,No,2,2,1,Yes,Aggressive,No,37.4,No,269333.51,No
FVW-00859,9,Core,2995.73,No,4,4,5,No,Aggressive,No,3.4,Yes,42513.76,No
FVW-00860,10,Premier,7593.79,Yes,8,2,3,No,Moderate,Yes,17.3,Yes,75423.71,No
FVW-00861,18,Core,2446.28,No,2,3,4,No,Aggressive,No,6.6,No,70737.06,No
FVW-00862,0,Core,2070.02,No,5,5,7,No,Moderate,No,14.2,No,0.0,No
FVW-00863,13,Core,3080.84,No,3,5,1,No,Moderate,No,20.1,No,48326.04,Yes
FVW-00864,1,Premier,4704.05,Yes,3,2,3,No,Conservative,Yes,17.3,Yes,4836.03,No
FVW-00865,5,Core,1675.61,Yes,8,3,2,No,Moderate,No,24.8,No,5556.45,No
FVW-00866,15,Private,14081.07,Yes,4,2,6,No,Aggressive,Yes,10.9,No,296680.73,No
FVW-00867,18,Core,2221.92,No,5,3,2,No,Conservative,No,23.8,No,38837.72,Yes
FVW-00868,10,Core,1839.51,No,4,6,3,No,Conservative,No,10.9,No,9254.73,No
FVW-00869,12,Premier,4403.96,Yes,3,1,1,No,Aggressive,No,7.0,No,23631.49,No
FVW-00870,21,Core,1505.59,No,2,2,1,No,Aggressive,No,42.0,No,23404.84,No
FVW-00871,7,Core,1918.78,No,7,1,2,No,Moderate,Yes,11.7,No,27167.35,No
FVW-00872,10,Core,2151.23,No,2,3,4,No,Aggressive,No,4.6,No,21284.22,No
FVW-00873,9,Premier,5858.23,Yes,3,2,3,No,Conservative,No,4.3,Yes,68377.93,No
FVW-00874,13,Premier,4977.86,Yes,7,3,5,Yes,Moderate,No,12.5,Yes,56701.06,No
FVW-00875,18,Private,16844.11,Yes,4,3,4,No,Aggressive,No,19.8,No,317188.24,No
FVW-00876,11,Premier,6976.77,Yes,4,4,1,No,Moderate,Yes,4.5,No,100519.8,No
FVW-00877,6,Core,1920.64,Yes,1,4,4,No,Moderate,No,14.0,No,14632.49,No
FVW-00878,11,Core,2612.9,Yes,4,2,4,Yes,Conservative,No,27.7,No,17973.04,No
FVW-00879,6,Premier,6033.68,Yes,4,6,3,Yes,Conservative,No,9.9,No,65816.65,No
FVW-00880,25,Premier,6926.89,No,3,2,4,No,Moderate,Yes,38.4,No,196564.39,No
FVW-00881,24,Core,1228.76,No,4,1,6,No,Aggressive,No,21.4,No,29185.13,Yes
FVW-00882,2,Core,2741.7,No,5,3,3,Yes,Moderate,No,13.0,No,9844.94,No
FVW-00883,9,Core,2241.41,Yes,4,3,3,No,Conservative,No,31.8,No,22569.27,Yes
FVW-00884,20,Premier,6922.81,Yes,3,1,2,No,Moderate,No,6.7,No,91527.32,No
FVW-00885,10,Core,2046.66,No,4,2,0,No,Aggressive,No,5.7,Yes,23654.85,No
FVW-00886,13,Premier,5566.54,Yes,5,3,2,No,Conservative,No,7.6,Yes,62905.34,No
FVW-00887,24,Premier,6933.5,Yes,5,1,3,No,Moderate,Yes,11.6,No,166823.9,No
FVW-00888,25,Core,2459.72,No,5,1,2,Yes,Aggressive,No,6.2,No,86212.46,Yes
FVW-00889,13,Premier,6165.91,Yes,1,2,1,No,Conservative,No,9.2,No,52919.56,No
FVW-00890,25,Premier,6401.8,Yes,2,2,3,Yes,Conservative,No,8.6,No,335260.28,No
FVW-00891,24,Premier,5208.53,Yes,4,2,1,No,Moderate,Yes,19.3,No,134902.39,No
FVW-00892,16,Premier,5689.84,No,4,4,1,No,Moderate,No,18.3,Yes,58247.76,No
FVW-00893,7,Core,2126.09,No,4,4,4,Yes,Aggressive,No,5.3,No,14895.02,Yes
FVW-00894,0,Premier,6823.42,Yes,5,1,3,No,Aggressive,No,17.5,Yes,0.0,No
FVW-00895,15,Private,11413.38,No,2,3,3,No,Conservative,Yes,19.7,Yes,180994.59,No
FVW-00896,11,Private,16307.69,No,3,5,0,Yes,Moderate,No,10.1,No,45518.97,No
FVW-00897,0,Private,15829.85,Yes,7,4,4,No,Moderate,Yes,2.8,No,0.0,No
FVW-00898,1,Core,1200.0,No,5,2,7,No,Conservative,No,8.0,Yes,3233.09,No
FVW-00899,4,Core,2749.18,Yes,2,3,3,No,Aggressive,No,0.9,No,12433.86,No
FVW-00900,19,Private,13996.71,No,4,4,3,No,Moderate,No,21.7,No,326482.12,No
FVW-00901,17,Private,19714.63,No,4,2,3,No,Aggressive,No,27.7,Yes,210153.42,No
FVW-00902,11,Premier,6018.35,No,3,2,1,No,Conservative,No,1.3,No,214287.85,No
FVW-00903,2,Premier,4121.71,No,0,2,3,Yes,Conservative,Yes,22.6,No,7375.34,No
FVW-00904,9,Private,18687.4,No,2,2,4,No,Conservative,No,3.0,No,227637.79,No
FVW-00905,11,Core,2467.55,No,5,5,3,No,Moderate,No,43.8,No,15748.01,No
FVW-00906,3,Core,2411.37,No,3,1,4,No,Moderate,No,14.3,No,3639.89,No
FVW-00907,25,Core,2578.79,No,5,5,5,No,Conservative,No,22.4,Yes,42968.54,No
FVW-00908,9,Private,14103.44,Yes,6,2,3,Yes,Aggressive,No,4.7,Yes,52259.74,No
FVW-00909,6,Core,1801.25,No,6,2,3,Yes,Conservative,Yes,3.7,No,4293.69,No
FVW-00910,1,Private,16872.36,No,0,3,1,No,Conservative,No,7.5,No,13531.34,No
FVW-00911,17,Premier,5254.14,Yes,4,2,4,Yes,Moderate,Yes,4.0,No,60522.42,No
FVW-00912,24,Core,1640.8,No,4,4,3,No,Conservative,No,16.7,No,45723.25,No
FVW-00913,8,Premier,6227.16,No,4,2,2,Yes,Conservative,No,2.3,Yes,36656.61,No
FVW-00914,22,Core,1973.52,No,1,3,5,No,Moderate,No,10.9,No,33669.41,Yes
FVW-00915,21,Premier,6697.59,No,3,1,8,Yes,Aggressive,No,7.8,Yes,152939.67,No
FVW-00916,25,Core,2450.59,Yes,4,2,3,No,Conservative,No,30.5,No,95518.83,No
FVW-00917,24,Core,1484.83,No,8,4,5,No,Aggressive,No,1.6,Yes,32890.94,No
FVW-00918,1,Core,2086.86,No,4,2,5,No,Conservative,No,1.2,No,0.0,No
FVW-00919,2,Core,2401.32,No,4,1,3,No,Moderate,Yes,9.0,No,0.0,Yes
FVW-00920,14,Private,15025.01,Yes,5,4,2,No,Conservative,No,12.6,Yes,158059.46,No
FVW-00921,22,Private,18204.53,Yes,2,1,1,No,Moderate,No,4.6,Yes,328633.75,No
FVW-00922,24,Core,1700.8,No,5,1,4,No,Conservative,No,9.5,No,29616.14,No
FVW-00923,7,Core,2924.31,Yes,6,2,3,No,Conservative,No,9.5,No,17271.72,No
FVW-00924,24,Premier,4984.83,Yes,3,3,4,No,Moderate,Yes,3.9,No,62690.68,No
FVW-00925,22,Core,1709.05,Yes,4,2,5,No,Aggressive,No,3.5,No,46450.27,No
FVW-00926,17,Private,12943.3,No,6,4,4,No,Moderate,No,3.4,No,188006.32,No
FVW-00927,6,Premier,5941.68,No,5,2,1,No,Conservative,No,6.5,Yes,24636.91,No
FVW-00928,8,Private,17462.36,Yes,5,2,2,No,Moderate,Yes,10.0,No,146776.93,No
FVW-00929,23,Private,16184.36,No,0,2,3,Yes,Moderate,No,13.2,Yes,822268.46,Yes
FVW-00930,9,Core,2163.85,No,7,5,8,No,Moderate,No,6.4,No,38603.42,No
FVW-00931,10,Premier,6353.47,No,4,4,5,No,Moderate,No,15.5,Yes,45809.38,No
FVW-00932,1,Private,12514.43,Yes,5,2,4,No,Aggressive,No,7.4,No,6046.77,Yes
FVW-00933,11,Core,2397.24,Yes,3,2,4,No,Moderate,No,9.0,No,32065.98,No
FVW-00934,17,Private,10621.27,No,4,1,4,No,Moderate,No,20.3,Yes,186027.07,No
FVW-00935,6,Core,2197.19,No,4,3,3,No,Conservative,No,19.0,No,10950.54,No
FVW-00936,10,Private,13168.9,Yes,5,3,3,No,Moderate,Yes,10.3,Yes,112732.88,No
FVW-00937,3,Core,1656.9,No,4,4,3,No,Moderate,No,5.0,No,3319.15,No
FVW-00938,24,Core,2254.6,No,10,2,1,Yes,Conservative,No,24.3,No,47852.57,No
FVW-00939,0,Private,13436.55,No,3,5,3,Yes,Moderate,Yes,8.6,Yes,0.0,No
FVW-00940,7,Private,17263.98,No,3,3,4,No,Aggressive,No,33.6,No,60379.8,No
FVW-00941,3,Premier,7232.65,Yes,1,2,1,No,Conservative,No,2.9,No,20788.85,No
FVW-00942,0,Core,1861.39,No,6,3,2,No,Moderate,No,11.9,No,1152.93,No
FVW-00943,21,Premier,5530.77,Yes,1,2,2,No,Moderate,No,13.0,Yes,132845.23,No
FVW-00944,11,Private,16712.37,Yes,3,3,5,Yes,Moderate,No,2.0,Yes,200983.16,No
FVW-00945,1,Core,1927.58,No,6,5,1,Yes,Aggressive,No,20.1,Yes,2585.68,No
FVW-00946,24,Private,18862.84,No,2,3,2,No,Moderate,No,13.8,Yes,467823.02,No
FVW-00947,8,Premier,5388.49,No,5,2,3,No,Moderate,No,10.4,No,51294.13,No
FVW-00948,18,Premier,4709.52,Yes,4,3,5,No,Aggressive,No,10.2,No,113392.55,No
FVW-00949,4,Core,1382.44,No,5,3,2,No,Conservative,No,7.6,No,13283.24,No
FVW-00950,4,Core,2377.88,Yes,7,1,5,No,Moderate,No,4.8,No,20986.22,No
FVW-00951,19,Core,2740.49,Yes,4,4,2,No,Conservative,No,7.2,Yes,105865.09,No
FVW-00952,7,Premier,5383.04,No,6,3,1,No,Moderate,No,8.4,No,39760.42,No
FVW-00953,23,Premier,5575.8,No,3,3,7,Yes,Moderate,No,2.9,No,89059.87,No
FVW-00954,22,Core,2377.48,No,3,2,7,No,Conservative,No,5.5,No,56278.71,No
FVW-00955,10,Premier,6358.11,No,4,1,6,Yes,Moderate,No,10.4,No,43180.85,No
FVW-00956,17,Core,2966.95,No,6,4,6,No,Aggressive,No,7.4,Yes,37164.03,No
FVW-00957,7,Premier,4675.05,Yes,4,4,3,No,Conservative,No,15.8,No,31192.47,Yes
FVW-00958,3,Core,1552.83,No,2,2,2,No,Conservative,No,13.4,No,492.63,Yes
FVW-00959,20,Private,12456.18,Yes,4,2,2,No,Moderate,Yes,2.7,No,273218.0,No
FVW-00960,1,Premier,6905.59,Yes,2,2,4,No,Conservative,No,6.7,No,11412.62,No
FVW-00961,10,Core,1754.91,Yes,2,2,1,No,Moderate,No,5.1,No,16271.44,No
FVW-00962,16,Premier,4649.35,No,3,4,6,Yes,Conservative,No,8.2,No,55600.96,No
FVW-00963,20,Core,2329.47,No,1,1,4,No,Moderate,No,6.7,No,64403.33,Yes
FVW-00964,25,Premier,5842.69,Yes,2,3,3,No,Aggressive,No,9.4,Yes,120056.19,No
FVW-00965,22,Private,19744.61,Yes,5,2,1,No,Conservative,No,7.2,Yes,270836.97,No
FVW-00966,21,Core,1885.3,Yes,6,2,3,No,Conservative,No,21.4,Yes,83986.88,No
FVW-00967,4,Private,12219.89,Yes,7,2,2,No,Aggressive,Yes,12.6,No,25643.72,No
FVW-00968,25,Core,1960.38,Yes,2,2,3,Yes,Conservative,No,15.7,No,64373.88,No
FVW-00969,22,Premier,6493.64,No,2,4,7,No,Conservative,No,42.9,No,194577.39,No
FVW-00970,20,Premier,6994.52,Yes,6,1,2,No,Conservative,No,5.1,Yes,86642.99,No
FVW-00971,10,Premier,5582.5,No,4,2,5,No,Conservative,No,12.4,No,66378.14,No
FVW-00972,1,Core,2042.28,No,1,2,4,No,Conservative,Yes,29.1,Yes,5841.39,Yes
FVW-00973,15,Core,2923.29,No,3,2,3,No,Moderate,No,10.2,No,34212.19,No
FVW-00974,14,Core,2473.42,No,1,2,1,Yes,Moderate,No,30.0,No,48232.61,Yes
FVW-00975,10,Core,2404.93,Yes,5,6,4,No,Conservative,Yes,7.0,Yes,18624.24,No
FVW-00976,7,Core,1837.41,No,5,4,5,No,Conservative,No,30.2,No,28960.87,Yes
FVW-00977,2,Premier,6475.83,No,3,1,3,No,Aggressive,Yes,5.2,Yes,8026.28,No
FVW-00978,3,Core,2108.09,No,2,2,5,Yes,Moderate,No,4.9,No,5725.84,Yes
FVW-00979,18,Core,1910.96,No,8,1,5,No,Aggressive,No,28.2,No,39268.93,No
FVW-00980,11,Core,2301.35,No,1,2,1,No,Conservative,No,14.3,No,40055.49,Yes
FVW-00981,9,Private,11057.67,No,5,3,3,No,Conservative,No,0.7,No,126856.16,No
FVW-00982,13,Core,3069.03,No,2,1,3,No,Conservative,No,4.8,Yes,35108.27,No
FVW-00983,9,Core,1939.55,Yes,3,1,1,No,Conservative,No,4.7,No,16525.72,No
FVW-00984,7,Private,16435.17,No,6,2,1,No,Conservative,No,20.2,No,84152.18,No
FVW-00985,10,Premier,5295.27,No,5,3,3,No,Moderate,No,0.5,No,27322.36,No
FVW-00986,18,Core,2473.79,No,6,2,2,No,Moderate,No,22.8,No,26880.79,No
FVW-00987,11,Private,9000.0,Yes,1,3,3,No,Moderate,Yes,6.8,Yes,35385.07,No
FVW-00988,13,Core,1715.71,Yes,3,2,4,No,Moderate,No,8.8,No,30962.14,No
FVW-00989,10,Core,2093.39,Yes,2,3,3,No,Aggressive,No,0.9,Yes,82913.97,Yes
FVW-00990,19,Private,17184.18,Yes,3,3,1,No,Moderate,No,14.0,Yes,331349.45,No
FVW-00991,5,Core,2072.58,No,3,2,0,Yes,Conservative,No,21.2,No,5354.63,No
FVW-00992,24,Core,2051.35,Yes,4,3,1,No,Moderate,No,12.6,No,45065.35,No
FVW-00993,20,Premier,6173.91,No,3,2,1,No,Conservative,No,8.2,Yes,217191.95,No
FVW-00994,15,Core,2305.05,No,5,2,4,Yes,Aggressive,No,20.0,Yes,67150.47,No
FVW-00995,8,Private,12855.67,No,5,2,3,Yes,Aggressive,Yes,16.5,No,169365.1,No
FVW-00996,15,Premier,6466.92,Yes,5,4,3,No,Conservative,No,12.9,No,92792.77,No
FVW-00997,16,Core,1964.16,Yes,5,1,4,Yes,Moderate,No,10.5,Yes,60316.89,No
FVW-00998,9,Private,15056.53,Yes,1,1,2,No,Conservative,Yes,19.8,No,64499.72,No
FVW-00999,18,Premier,6189.9,No,4,2,4,Yes,Conservative,No,2.8,No,130731.92,No
FVW-01000,21,Premier,5712.94,No,4,2,6,No,Conservative,No,14.4,No,51189.49,No
FVW-01001,20,Core,2341.97,No,3,4,1,Yes,Conservative,No,13.7,Yes,95741.75,No
FVW-01002,1,Core,1706.73,Yes,0,3,3,No,Moderate,Yes,23.2,No,449.49,Yes
FVW-01003,20,Premier,5521.23,No,4,4,3,No,Conservative,No,8.3,No,88153.76,No
FVW-01004,15,Private,18142.83,Yes,3,4,4,No,Aggressive,Yes,11.4,No,120931.12,No
FVW-01005,12,Core,2839.65,No,3,1,3,No,Conservative,No,5.2,No,10704.91,No
FVW-01006,22,Core,2901.62,Yes,0,1,6,No,Moderate,No,1.9,Yes,86659.86,Yes
FVW-01007,12,Premier,4443.18,No,3,2,2,Yes,Conservative,No,11.3,No,54892.8,No
FVW-01008,12,Premier,6209.5,Yes,1,3,3,No,Aggressive,No,15.3,No,62252.5,No
FVW-01009,6,Core,2633.46,Yes,3,3,2,No,Moderate,No,4.2,Yes,29891.8,No
FVW-01010,7,Core,1937.55,No,3,4,4,No,Aggressive,No,9.0,Yes,13474.46,No
FVW-01011,22,Core,1892.5,No,3,3,3,No,Conservative,No,7.1,Yes,49167.37,No
FVW-01012,23,Core,2175.1,No,2,1,1,No,Moderate,No,32.0,No,35566.74,Yes
FVW-01013,4,Core,2299.41,No,6,4,4,No,Conservative,No,8.2,Yes,10912.64,No
FVW-01014,19,Private,12880.35,Yes,1,2,5,No,Moderate,No,5.4,Yes,189057.27,No
FVW-01015,16,Premier,6359.94,Yes,7,3,7,No,Moderate,No,14.6,No,122147.95,No
FVW-01016,21,Core,2603.52,No,6,5,3,No,Aggressive,No,18.7,No,73884.42,No
FVW-01017,17,Core,1475.36,No,3,2,7,Yes,Moderate,No,7.3,Yes,55947.65,No
FVW-01018,19,Core,2111.52,No,9,4,3,No,Aggressive,No,14.8,No,48330.07,No
FVW-01019,6,Premier,5184.27,No,2,4,5,No,Conservative,No,10.9,No,31525.26,No
FVW-01020,1,Premier,7242.09,Yes,8,3,3,No,Conservative,No,8.5,No,1430.47,No
FVW-01021,15,Private,12838.94,No,5,1,5,No,Conservative,No,9.2,No,223213.57,No
FVW-01022,8,Private,15722.57,Yes,1,4,4,Yes,Moderate,No,13.4,No,105879.82,No
FVW-01023,24,Core,2406.6,No,3,8,5,No,Moderate,Yes,19.0,No,21610.18,No
FVW-01024,9,Core,2608.96,Yes,5,2,3,No,Moderate,No,3.3,Yes,35248.51,No
FVW-01025,23,Core,2189.26,Yes,3,4,4,Yes,Aggressive,No,12.7,No,78706.34,No
FVW-01026,18,Core,1844.17,No,3,4,5,No,Aggressive,Yes,4.0,No,35262.06,Yes
FVW-01027,17,Core,2123.98,No,8,5,4,No,Conservative,No,16.1,No,19726.69,No
FVW-01028,5,Private,11455.7,No,3,5,6,Yes,Conservative,No,13.6,No,43678.02,No
FVW-01029,21,Core,2288.99,No,4,4,3,Yes,Conservative,No,14.3,No,26083.03,Yes
FVW-01030,19,Premier,7072.58,Yes,4,2,0,No,Moderate,Yes,6.5,No,140658.44,No
FVW-01031,7,Core,1573.43,Yes,2,2,3,No,Aggressive,No,17.2,No,4410.09,No
FVW-01032,11,Premier,4729.12,No,3,4,4,No,Conservative,Yes,14.2,No,98940.34,No
FVW-01033,10,Private,13670.65,No,3,3,3,No,Moderate,No,10.9,No,201521.68,No
FVW-01034,22,Private,17416.44,No,5,2,3,No,Moderate,No,24.9,No,599796.65,No
FVW-01035,13,Core,2411.03,No,3,2,0,No,Conservative,No,12.8,No,29242.77,No
FVW-01036,1,Private,20880.13,Yes,4,2,3,No,Aggressive,No,18.1,No,37491.98,No
FVW-01037,21,Private,10650.71,No,0,2,3,No,Moderate,Yes,21.1,Yes,178367.33,No
FVW-01038,25,Core,2382.57,No,8,1,4,No,Conservative,No,12.0,No,30019.91,No
FVW-01039,21,Premier,5240.52,Yes,1,1,1,No,Moderate,No,3.2,Yes,162443.41,No
FVW-01040,3,Core,2033.96,Yes,5,4,3,No,Moderate,No,55.2,No,3558.71,Yes
FVW-01041,2,Premier,7385.27,No,2,3,1,No,Conservative,No,8.4,No,44103.46,Yes
FVW-01042,14,Premier,5904.73,Yes,10,2,2,No,Moderate,No,7.7,Yes,60635.56,No
FVW-01043,25,Core,2627.91,No,4,2,6,No,Moderate,No,14.7,No,57094.39,No
FVW-01044,8,Premier,5734.08,No,5,1,4,No,Conservative,Yes,13.9,No,28141.78,No
FVW-01045,3,Core,2358.93,Yes,0,1,4,No,Moderate,No,31.8,No,11531.45,No
FVW-01046,16,Private,11780.7,Yes,6,2,3,Yes,Conservative,Yes,16.5,No,131135.22,No
FVW-01047,24,Core,2258.31,No,5,5,8,No,Aggressive,No,8.8,Yes,126895.54,No
FVW-01048,4,Core,2623.52,No,1,1,2,No,Aggressive,No,10.9,Yes,10745.62,No
FVW-01049,20,Premier,6792.49,No,3,4,1,No,Moderate,No,11.7,Yes,77151.32,No
FVW-01050,24,Core,1683.84,Yes,4,2,5,No,Moderate,Yes,8.4,Yes,63400.37,No
FVW-01051,0,Private,11459.71,Yes,5,3,8,Yes,Conservative,No,7.2,No,6322.34,No
FVW-01052,12,Core,1842.43,Yes,5,1,2,No,Conservative,No,19.5,No,16453.49,No
FVW-01053,20,Core,2622.84,Yes,4,3,5,Yes,Aggressive,No,4.3,Yes,44792.64,No
FVW-01054,5,Private,18459.86,Yes,0,4,7,No,Moderate,Yes,1.9,Yes,129002.14,No
FVW-01055,0,Core,2920.79,No,1,1,2,No,Moderate,No,9.7,Yes,0.0,No
FVW-01056,22,Premier,5208.14,Yes,3,4,3,Yes,Moderate,No,1.9,No,103611.38,No
FVW-01057,15,Core,2372.75,Yes,1,4,3,No,Moderate,No,10.7,Yes,37904.48,No
FVW-01058,11,Private,12540.3,Yes,2,3,2,No,Conservative,Yes,6.0,No,302594.58,No
FVW-01059,5,Premier,5860.74,No,2,3,4,Yes,Moderate,No,7.9,No,21022.72,No
FVW-01060,5,Core,1957.84,No,5,1,3,No,Moderate,No,31.2,No,20322.29,No
FVW-01061,12,Core,1715.11,Yes,5,2,4,No,Moderate,No,5.3,Yes,18484.92,No
FVW-01062,18,Core,2635.74,No,1,1,2,No,Conservative,No,20.0,No,49077.96,No
FVW-01063,21,Private,14097.9,No,5,2,4,No,Aggressive,No,1.8,Yes,134616.17,No
FVW-01064,18,Premier,5473.24,Yes,3,1,0,No,Aggressive,Yes,1.7,No,81143.93,No
FVW-01065,14,Premier,6164.35,Yes,4,3,3,Yes,Moderate,No,2.8,Yes,104853.11,No
FVW-01066,6,Premier,6714.2,No,2,3,4,No,Conservative,Yes,12.1,No,53718.43,No
FVW-01067,18,Premier,6334.83,Yes,6,2,2,No,Conservative,No,8.5,No,84330.36,No
FVW-01068,24,Private,16071.33,No,3,2,0,No,Conservative,Yes,6.5,No,327363.45,No
FVW-01069,4,Private,17195.01,Yes,5,2,3,No,Moderate,Yes,13.1,No,75287.22,No
FVW-01070,17,Private,18700.3,Yes,7,7,4,No,Moderate,No,4.2,No,490682.36,No
FVW-01071,13,Core,2208.05,No,6,3,2,No,Moderate,No,4.4,No,26193.72,No
FVW-01072,14,Core,2659.34,No,5,2,5,No,Conservative,No,9.2,Yes,51289.7,Yes
FVW-01073,7,Private,9887.85,No,6,1,2,No,Aggressive,No,13.4,No,73272.07,No
FVW-01074,3,Core,2197.58,No,4,4,6,No,Moderate,Yes,4.3,Yes,1995.44,No
FVW-01075,24,Core,2198.01,No,3,1,2,No,Moderate,No,17.2,No,81294.05,No
FVW-01076,22,Premier,5171.83,No,3,3,3,No,Moderate,No,7.5,No,84122.53,No
FVW-01077,3,Core,2756.84,Yes,4,6,2,No,Aggressive,No,16.8,No,7985.39,No
FVW-01078,23,Premier,5943.36,No,2,1,3,No,Aggressive,No,15.7,Yes,184250.26,Yes
FVW-01079,19,Premier,5434.09,No,1,3,3,No,Moderate,No,0.8,Yes,114624.17,No
FVW-01080,0,Premier,5038.07,No,7,2,3,No,Conservative,No,12.7,Yes,0.0,Yes
FVW-01081,17,Premier,5689.49,Yes,0,2,0,No,Aggressive,No,11.8,No,75531.44,No
FVW-01082,5,Premier,4484.36,No,5,1,2,No,Conservative,No,9.5,No,29086.69,No
FVW-01083,14,Premier,7709.99,Yes,4,2,2,No,Conservative,No,4.2,No,146582.13,No
FVW-01084,13,Premier,4780.96,Yes,5,1,3,No,Conservative,No,15.6,No,77983.89,No
FVW-01085,3,Premier,4884.73,No,1,5,5,No,Moderate,No,8.5,No,5592.69,Yes
FVW-01086,10,Core,3200.0,No,6,2,5,No,Conservative,No,9.8,No,30249.73,Yes
FVW-01087,23,Premier,6723.25,No,4,3,1,Yes,Moderate,No,3.5,Yes,80364.37,No
FVW-01088,15,Private,14536.34,Yes,3,3,3,Yes,Conservative,No,9.5,No,175115.11,No
FVW-01089,11,Premier,6498.6,Yes,1,4,2,Yes,Conservative,Yes,11.9,Yes,62302.14,No
FVW-01090,19,Core,1996.03,No,2,2,5,No,Moderate,No,4.2,Yes,32635.6,Yes
FVW-01091,15,Core,2877.42,No,5,3,3,No,Moderate,No,1.3,No,36044.35,Yes
FVW-01092,9,Core,2342.04,Yes,4,3,3,No,Moderate,No,9.4,Yes,22968.04,No
FVW-01093,6,Private,17525.83,Yes,4,2,3,No,Conservative,Yes,9.9,No,144472.62,No
FVW-01094,12,Private,15937.69,No,2,2,3,No,Conservative,No,1.6,Yes,426593.97,No
FVW-01095,23,Core,2338.46,Yes,2,6,3,No,Aggressive,No,18.0,Yes,45577.94,Yes
FVW-01096,16,Premier,4706.06,Yes,4,4,4,No,Moderate,No,23.1,No,81199.41,No
FVW-01097,2,Core,1832.54,Yes,3,2,5,No,Conservative,No,13.8,No,3214.86,No
FVW-01098,17,Premier,4144.69,Yes,3,3,5,No,Conservative,No,43.2,No,214707.24,No
FVW-01099,25,Private,13771.43,Yes,5,2,2,No,Aggressive,Yes,8.8,Yes,375652.18,No
FVW-01100,1,Premier,6515.28,No,3,2,4,No,Moderate,Yes,5.1,Yes,2137.03,No
FVW-01101,14,Private,9000.0,No,2,7,4,Yes,Moderate,No,13.3,Yes,269434.31,No
FVW-01102,3,Core,2081.8,No,5,2,3,No,Aggressive,No,21.8,No,2853.61,No
FVW-01103,4,Core,2124.76,No,7,4,7,No,Aggressive,No,4.9,No,6354.07,No
FVW-01104,20,Core,2233.87,Yes,9,3,4,No,Moderate,No,9.1,No,54697.2,No
FVW-01105,21,Private,17780.64,No,3,2,2,Yes,Conservative,No,33.8,No,288752.62,No
FVW-01106,18,Premier,7247.21,Yes,3,2,3,No,Conservative,No,14.0,No,222774.25,No
FVW-01107,1,Core,2440.8,No,9,4,2,No,Moderate,No,7.3,No,652.0,Yes
FVW-01108,12,Core,1514.14,No,3,4,4,Yes,Aggressive,No,10.0,No,24926.58,No
FVW-01109,23,Core,2069.1,No,4,3,5,No,Moderate,No,23.3,No,95585.34,No
FVW-01110,6,Core,2100.9,No,7,2,5,No,Moderate,No,1.5,No,13777.96,No
FVW-01111,22,Core,2368.77,No,4,4,3,No,Moderate,Yes,10.5,Yes,39250.91,No
FVW-01112,18,Premier,4603.8,Yes,4,1,0,Yes,Conservative,No,5.2,Yes,67304.57,No
FVW-01113,3,Core,2179.33,No,5,1,2,No,Conservative,No,14.3,No,9351.22,No
FVW-01114,5,Private,14718.97,Yes,6,2,3,No,Moderate,No,10.9,Yes,58254.91,No
FVW-01115,18,Core,1879.08,Yes,5,3,6,Yes,Moderate,No,12.3,No,20712.95,No
FVW-01116,18,Core,2323.9,No,5,3,4,No,Aggressive,No,12.3,No,25422.74,Yes
FVW-01117,7,Core,3059.39,No,3,3,1,Yes,Aggressive,No,16.4,No,19393.95,No
FVW-01118,5,Core,2931.15,No,8,2,3,No,Conservative,No,18.7,No,12382.58,No
FVW-01119,24,Premier,5140.7,No,6,2,1,No,Conservative,No,5.1,No,191959.3,No
FVW-01120,6,Premier,5353.02,Yes,5,3,6,Yes,Moderate,Yes,8.0,No,23529.65,No
FVW-01121,20,Premier,6043.18,Yes,2,3,5,No,Moderate,No,6.8,Yes,188573.28,No
FVW-01122,10,Core,1729.27,No,1,3,0,Yes,Moderate,No,19.5,Yes,12707.2,No
FVW-01123,9,Core,2038.83,No,2,3,4,No,Moderate,No,4.7,Yes,15932.7,No
FVW-01124,19,Private,20340.83,Yes,6,3,3,Yes,Conservative,No,5.8,No,462654.96,No
FVW-01125,24,Private,14286.46,Yes,3,1,2,No,Moderate,No,6.7,No,94775.08,No
FVW-01126,14,Core,2273.09,No,6,3,3,Yes,Conservative,No,2.0,No,42960.9,No
FVW-01127,9,Core,1963.17,No,6,1,5,No,Aggressive,No,13.6,No,15304.39,Yes
FVW-01128,7,Core,3149.18,Yes,5,2,3,No,Aggressive,No,4.7,Yes,21553.92,Yes
FVW-01129,23,Core,1483.31,No,6,4,4,Yes,Moderate,No,9.9,Yes,30819.71,No
FVW-01130,14,Core,1757.81,No,4,4,2,Yes,Moderate,No,12.7,No,45691.18,No
FVW-01131,1,Core,1843.52,Yes,7,3,2,No,Conservative,No,35.0,No,4075.09,No
FVW-01132,13,Core,1886.63,No,4,2,4,No,Moderate,No,8.2,No,19982.89,Yes
FVW-01133,13,Core,2448.56,Yes,7,2,2,No,Moderate,No,5.7,No,29863.85,No
FVW-01134,21,Private,15837.58,No,6,2,3,No,Moderate,No,19.8,No,792137.88,No
FVW-01135,15,Core,1989.44,No,3,4,2,Yes,Conservative,No,11.1,No,26542.89,No
FVW-01136,2,Core,2383.26,Yes,1,2,1,Yes,Moderate,No,26.2,No,13500.23,No
FVW-01137,24,Core,2621.72,No,1,4,5,No,Moderate,No,33.8,No,188925.34,No
FVW-01138,15,Premier,4759.15,Yes,2,2,2,No,Aggressive,No,4.4,No,39535.37,Yes
FVW-01139,25,Premier,5940.74,Yes,4,3,4,Yes,Moderate,No,1.8,Yes,211230.94,No
FVW-01140,10,Core,2565.69,No,3,1,1,No,Conservative,No,19.2,Yes,2213.45,No
FVW-01141,21,Core,2299.47,No,2,2,5,No,Conservative,No,8.8,No,38804.04,No
FVW-01142,13,Core,2241.15,No,4,1,1,No,Moderate,No,3.6,No,59177.81,Yes
FVW-01143,3,Premier,5516.11,Yes,9,3,4,No,Moderate,No,7.0,No,18232.42,No
FVW-01144,14,Core,2167.23,Yes,2,3,3,No,Conservative,Yes,4.2,No,51952.73,No
FVW-01145,24,Premier,4281.7,Yes,4,2,3,Yes,Moderate,No,1.1,No,76421.72,No
FVW-01146,18,Premier,5254.91,Yes,3,2,4,No,Conservative,No,9.0,No,191736.14,No
FVW-01147,25,Core,2540.61,Yes,7,3,3,No,Conservative,No,12.5,Yes,61701.17,No
FVW-01148,20,Premier,4373.85,No,6,3,2,No,Moderate,No,32.7,No,143627.25,No
FVW-01149,21,Premier,4877.9,Yes,6,4,2,Yes,Conservative,Yes,34.3,Yes,67787.73,No
FVW-01150,10,Premier,4641.39,No,6,3,2,Yes,Conservative,Yes,13.3,No,56977.03,No
FVW-01151,24,Private,12010.35,No,5,5,5,No,Aggressive,No,17.2,Yes,121146.04,No
FVW-01152,24,Private,9000.0,No,2,3,2,No,Moderate,No,17.2,No,74723.76,No
FVW-01153,1,Premier,7436.78,Yes,4,2,3,No,Conservative,No,17.3,No,13418.98,No
FVW-01154,8,Core,2040.33,Yes,2,2,5,No,Conservative,No,10.7,Yes,16601.22,Yes
FVW-01155,13,Core,2023.35,No,4,3,3,No,Aggressive,No,53.6,No,34908.7,Yes
FVW-01156,13,Premier,5304.26,Yes,5,3,3,No,Conservative,No,9.2,No,55245.94,No
FVW-01157,8,Private,13084.15,Yes,5,3,3,No,Moderate,No,8.5,Yes,99954.85,No
FVW-01158,12,Core,2932.9,No,7,4,5,No,Aggressive,No,8.4,No,30548.05,Yes
FVW-01159,10,Core,2652.15,Yes,11,3,5,No,Moderate,No,2.9,Yes,26925.03,No
FVW-01160,1,Premier,5857.92,Yes,5,2,2,No,Moderate,No,31.6,Yes,0.0,No
FVW-01161,11,Premier,5621.13,No,7,4,3,No,Conservative,Yes,2.9,Yes,97066.55,No
FVW-01162,18,Core,2262.78,No,3,6,4,Yes,Moderate,No,8.3,No,14976.9,Yes
FVW-01163,24,Private,11883.2,Yes,2,3,6,Yes,Conservative,No,5.0,No,457993.34,No
FVW-01164,23,Private,13393.59,Yes,2,3,6,No,Conservative,No,7.5,No,287381.0,No
FVW-01165,22,Premier,4888.68,No,5,3,1,Yes,Conservative,Yes,14.6,No,93053.24,No
FVW-01166,16,Core,1902.67,No,4,7,2,No,Conservative,No,19.8,No,37526.46,No
FVW-01167,18,Premier,6476.62,No,5,3,4,Yes,Conservative,No,8.3,No,162761.84,No
FVW-01168,5,Premier,4897.61,No,2,3,3,Yes,Moderate,No,1.4,No,22234.65,No
FVW-01169,5,Private,15850.69,No,4,1,2,No,Aggressive,No,5.6,No,76062.81,No
FVW-01170,7,Core,1975.67,No,2,1,4,No,Conservative,No,8.6,Yes,24087.98,Yes
FVW-01171,21,Core,2598.15,Yes,2,2,2,No,Moderate,Yes,12.9,No,35976.39,No
FVW-01172,14,Private,13704.53,No,6,4,5,Yes,Conservative,Yes,17.1,No,237209.61,No
FVW-01173,19,Core,1974.56,No,2,3,3,Yes,Aggressive,No,2.6,No,41666.57,Yes
FVW-01174,18,Core,2564.61,No,3,3,1,No,Aggressive,No,9.7,No,123562.56,Yes
FVW-01175,1,Core,2224.92,No,3,3,7,No,Conservative,No,30.5,No,2859.06,Yes
FVW-01176,15,Core,2457.71,No,3,2,3,No,Conservative,No,26.7,No,28325.82,Yes
FVW-01177,20,Core,2579.35,No,4,2,2,No,Aggressive,No,4.7,Yes,92872.87,No
FVW-01178,23,Core,1769.84,No,4,3,6,No,Conservative,No,6.9,Yes,51241.93,No
FVW-01179,25,Premier,7225.28,Yes,4,3,5,No,Conservative,No,18.8,No,153430.62,No
FVW-01180,0,Core,2333.46,No,5,1,3,No,Moderate,No,25.9,No,0.0,No
FVW-01181,18,Premier,7451.93,Yes,2,1,1,No,Conservative,No,13.8,No,140534.4,No
FVW-01182,8,Premier,5223.71,No,2,1,7,No,Conservative,No,1.7,No,36891.32,No
FVW-01183,1,Premier,5431.72,Yes,4,5,3,No,Conservative,No,4.4,Yes,11604.54,No
FVW-01184,25,Core,1833.99,No,2,2,4,No,Aggressive,No,14.0,No,45275.87,No
FVW-01185,22,Core,1979.62,Yes,1,1,0,Yes,Conservative,No,5.9,No,61170.65,No
FVW-01186,9,Core,1661.36,Yes,6,3,2,No,Moderate,No,5.2,No,4999.7,No
FVW-01187,17,Core,1945.88,Yes,1,1,3,No,Moderate,No,13.0,No,63115.22,No
FVW-01188,4,Private,13668.69,Yes,4,2,3,No,Moderate,No,1.6,No,33189.93,No
FVW-01189,20,Core,1786.03,No,6,3,5,Yes,Aggressive,No,29.3,No,26217.99,No
FVW-01190,5,Private,15511.77,Yes,3,2,4,Yes,Aggressive,Yes,7.2,No,18968.34,No
FVW-01191,20,Core,2741.26,No,1,2,4,No,Aggressive,No,8.6,No,44000.76,No
FVW-01192,4,Premier,4932.54,Yes,5,2,2,Yes,Aggressive,No,4.1,No,17955.09,No
FVW-01193,4,Core,2273.14,No,2,2,3,No,Moderate,No,10.0,No,2715.61,No
FVW-01194,1,Private,10758.13,No,4,2,0,No,Moderate,No,7.3,Yes,3101.01,No
FVW-01195,25,Core,2161.92,Yes,5,4,4,No,Moderate,No,11.7,Yes,67798.57,No
FVW-01196,5,Core,2306.54,No,2,4,2,No,Conservative,Yes,28.6,Yes,9502.97,No
FVW-01197,4,Core,2252.82,Yes,1,4,3,Yes,Conservative,No,3.9,No,13791.98,No
FVW-01198,6,Premier,5409.04,Yes,1,2,2,No,Moderate,No,6.6,Yes,54473.27,No
FVW-01199,6,Premier,5934.12,Yes,4,2,5,No,Moderate,No,0.7,No,41262.87,No
FVW-01200,16,Core,2098.38,Yes,2,5,2,No,Moderate,No,44.5,No,33001.24,No
