account_id,tenure_months,contract_length,monthly_bill,num_locations,support_tickets_ytd,bandwidth_tier,sla_uptime_pct,years_in_business,has_backup_line,dedicated_support_rep,employee_count,autopay_enabled,account_value_estimate,terminated
NGB-00001,6,Flex,373.29,2,2,Enterprise,99.51,12,No,No,391,Yes,1311.07,Yes
NGB-00002,66,Standard,620.53,2,6,Standard,99.38,15,No,No,20,Yes,37201.94,No
NGB-00003,43,Standard,447.35,2,0,Standard,99.99,9,Yes,No,300,Yes,20188.93,No
NGB-00004,58,Standard,601.42,5,1,High,99.99,26,No,No,55,No,63350.23,No
NGB-00005,34,Standard,559.57,2,3,Standard,98.54,20,No,No,113,Yes,15911.37,No
NGB-00006,4,Standard,502.6,3,6,Standard,99.79,25,No,No,214,Yes,1382.27,No
NGB-00007,56,Standard,420.0,3,5,Standard,99.7,23,No,No,370,No,36758.35,No
NGB-00008,39,Standard,543.31,4,3,Standard,99.73,2,No,No,381,No,12622.61,No
NGB-00009,32,Flex,525.4,2,2,Standard,99.68,27,No,No,280,Yes,18181.08,Yes
NGB-00010,41,Flex,407.42,4,2,Enterprise,99.33,28,Yes,Yes,428,Yes,23406.44,Yes
NGB-00011,82,Standard,725.1,3,2,Standard,99.99,34,No,No,12,Yes,78796.97,No
NGB-00012,51,Term,630.81,3,6,High,98.43,9,Yes,Yes,95,No,64331.08,No
NGB-00013,71,Flex,417.74,4,1,Standard,98.72,18,No,No,21,Yes,37802.81,Yes
NGB-00014,63,Term,633.29,3,1,High,99.02,27,No,Yes,218,No,40921.41,No
NGB-00015,65,Term,864.03,2,3,Enterprise,99.62,32,Yes,No,443,Yes,67388.35,No
NGB-00016,15,Standard,638.2,3,4,High,99.18,23,No,No,318,Yes,8828.78,Yes
NGB-00017,41,Standard,675.23,1,3,Standard,99.53,7,Yes,Yes,434,Yes,47370.52,No
NGB-00018,47,Standard,615.7,4,2,High,99.18,30,No,No,168,No,27783.03,No
NGB-00019,45,Flex,398.46,4,3,Standard,99.1,7,No,No,343,Yes,17308.66,No
NGB-00020,10,Standard,720.7,6,1,Enterprise,99.66,7,No,No,374,Yes,4266.75,No
NGB-00021,3,Standard,624.0,3,2,Standard,99.7,36,Yes,No,22,Yes,1383.93,No
NGB-00022,55,Term,626.93,4,4,High,99.99,28,No,Yes,34,Yes,46329.73,No
NGB-00023,73,Standard,645.83,5,3,Standard,99.61,19,No,No,417,Yes,26215.67,No
NGB-00024,48,Standard,592.32,1,4,Standard,99.32,2,No,No,374,No,23187.29,No
NGB-00025,37,Standard,609.24,3,1,Enterprise,99.32,36,No,No,64,Yes,18783.4,No
NGB-00026,26,Flex,513.15,4,2,High,98.69,15,No,Yes,370,Yes,17647.78,No
NGB-00027,13,Standard,590.08,4,6,Standard,99.73,21,No,No,262,Yes,11091.33,No
NGB-00028,45,Term,817.53,4,3,High,99.56,17,No,Yes,20,No,72494.02,No
NGB-00029,62,Flex,399.9,3,1,High,99.43,30,No,No,351,Yes,18290.72,No
NGB-00030,72,Standard,674.16,3,2,High,99.52,14,No,No,103,Yes,67336.02,No
NGB-00031,54,Flex,371.65,4,5,Enterprise,99.11,16,Yes,No,70,Yes,23782.33,Yes
NGB-00032,32,Standard,684.5,5,6,High,98.6,38,No,No,319,Yes,21035.91,No
NGB-00033,31,Flex,462.99,5,2,Standard,99.41,14,No,No,172,No,19315.91,Yes
NGB-00034,31,Standard,630.75,2,3,Standard,99.37,34,No,No,229,Yes,11151.01,Yes
NGB-00035,72,Flex,362.28,5,5,Standard,99.59,28,Yes,Yes,455,Yes,22282.18,No
NGB-00036,62,Standard,664.71,4,1,Standard,99.54,4,No,No,142,No,26013.86,No
NGB-00037,74,Term,1006.3,4,4,High,99.53,37,Yes,Yes,357,No,134135.84,No
NGB-00038,23,Term,952.54,4,3,High,99.24,14,No,No,111,No,32807.67,No
NGB-00039,20,Flex,335.26,5,6,Standard,99.99,21,No,No,309,No,4082.74,Yes
NGB-00040,56,Standard,603.73,2,7,Enterprise,99.96,22,No,No,271,Yes,17278.5,No
NGB-00041,93,Term,813.99,3,5,Enterprise,99.12,12,No,No,23,No,98438.71,No
NGB-00042,3,Term,831.56,6,2,Enterprise,99.99,39,Yes,Yes,138,No,754.49,No
NGB-00043,30,Flex,401.81,3,4,Standard,99.67,1,Yes,No,150,No,18322.76,No
NGB-00044,71,Standard,646.74,3,1,High,98.88,19,No,No,187,Yes,102090.08,No
NGB-00045,74,Standard,644.71,2,2,Enterprise,99.97,13,No,No,192,No,32583.98,No
NGB-00046,92,Standard,520.16,7,3,Standard,99.31,32,No,Yes,34,Yes,63865.48,No
NGB-00047,60,Standard,444.76,4,2,High,99.33,31,No,No,33,No,24038.53,No
NGB-00048,26,Flex,407.87,3,1,Enterprise,99.42,22,Yes,No,237,Yes,22050.78,Yes
NGB-00049,17,Term,955.65,2,2,Standard,99.55,18,Yes,Yes,102,Yes,8019.36,Yes
NGB-00050,48,Flex,501.34,4,2,High,99.4,27,No,No,135,No,13716.96,No
NGB-00051,94,Standard,695.28,3,2,Enterprise,99.89,38,No,No,352,No,69944.94,No
NGB-00052,8,Standard,608.18,2,2,Standard,99.99,28,No,Yes,405,No,9269.23,No
NGB-00053,68,Flex,346.43,4,3,Standard,99.36,2,No,Yes,68,No,22031.4,No
NGB-00054,11,Standard,598.2,2,2,Enterprise,98.89,8,No,No,235,Yes,4151.92,No
NGB-00055,64,Standard,577.19,6,2,Standard,99.32,13,No,Yes,68,Yes,18077.17,No
NGB-00056,43,Standard,589.09,4,7,Standard,99.14,24,No,No,148,No,30100.47,No
NGB-00057,70,Standard,676.54,3,3,Standard,99.28,8,No,No,198,Yes,26969.91,No
NGB-00058,15,Term,800.23,2,6,Standard,98.95,32,No,No,176,Yes,32901.7,No
NGB-00059,68,Standard,566.13,3,3,High,99.68,8,No,No,464,No,40742.06,No
NGB-00060,80,Standard,598.1,1,3,Standard,98.93,17,No,No,91,Yes,50139.08,No
NGB-00061,70,Term,643.39,2,6,Standard,99.04,14,Yes,Yes,313,Yes,39857.7,No
NGB-00062,96,Term,796.37,2,1,Standard,99.99,35,No,No,102,Yes,51021.68,No
NGB-00063,4,Standard,565.0,4,0,High,98.91,6,No,No,115,No,3228.48,No
NGB-00064,69,Standard,721.85,2,1,Standard,99.0,11,No,No,37,No,60812.11,No
NGB-00065,72,Standard,675.04,1,3,Standard,99.99,31,No,No,377,No,74369.66,No
NGB-00066,70,Standard,791.82,3,1,High,99.46,11,No,No,334,No,54342.3,No
NGB-00067,60,Flex,407.28,5,4,Enterprise,99.04,1,Yes,Yes,12,Yes,24183.61,No
NGB-00068,81,Term,948.18,2,4,Standard,99.08,23,No,Yes,256,Yes,81566.28,No
NGB-00069,11,Standard,609.66,2,3,High,99.99,39,No,No,106,Yes,4595.04,No
NGB-00070,30,Flex,389.71,4,5,Standard,99.82,33,No,No,84,Yes,25226.34,No
NGB-00071,84,Flex,347.01,4,2,Enterprise,99.62,17,Yes,No,145,No,23657.92,Yes
NGB-00072,92,Term,697.35,3,4,High,99.83,27,No,No,262,No,47390.49,No
NGB-00073,30,Standard,601.93,4,1,Enterprise,99.36,32,No,No,496,No,24861.02,No
NGB-00074,9,Term,1025.88,3,1,Standard,99.56,37,No,No,312,Yes,7171.1,No
NGB-00075,0,Standard,665.75,4,1,Standard,99.69,2,No,No,118,No,957.0,Yes
NGB-00076,57,Flex,367.23,1,3,Standard,99.27,7,No,Yes,483,No,25699.8,No
NGB-00077,78,Standard,537.23,4,7,Standard,99.54,22,No,No,378,No,25740.68,No
NGB-00078,44,Term,787.74,7,8,Standard,99.99,38,Yes,Yes,102,Yes,53957.61,No
NGB-00079,24,Term,1172.53,2,2,Standard,99.04,9,Yes,No,340,Yes,27372.45,No
NGB-00080,31,Standard,686.4,2,2,High,99.3,25,No,Yes,124,Yes,39769.57,No
NGB-00081,48,Standard,623.35,3,4,Standard,99.25,5,No,Yes,239,No,23707.76,No
NGB-00082,81,Standard,683.51,3,4,Standard,99.8,22,No,No,242,Yes,62285.41,No
NGB-00083,62,Term,827.32,2,0,Enterprise,99.94,7,Yes,No,328,Yes,74444.5,No
NGB-00084,14,Term,1065.55,2,2,Standard,98.9,10,No,No,268,Yes,8572.88,No
NGB-00085,23,Standard,558.68,4,5,Standard,99.37,8,Yes,No,317,Yes,26895.36,No
NGB-00086,3,Standard,591.65,4,3,High,99.2,16,No,No,125,Yes,1737.39,No
NGB-00087,61,Standard,635.5,6,3,Standard,99.69,9,No,No,444,Yes,45046.03,No
NGB-00088,57,Flex,450.18,3,4,High,99.5,10,No,No,390,No,9599.55,No
NGB-00089,65,Flex,522.24,4,1,Standard,99.85,28,No,No,31,Yes,20097.18,No
NGB-00090,88,Standard,638.04,2,2,Standard,99.99,34,No,No,362,Yes,37574.06,No
NGB-00091,14,Flex,462.01,3,4,Enterprise,98.65,38,No,No,430,Yes,11406.28,Yes
NGB-00092,74,Standard,579.32,3,3,High,98.66,37,No,Yes,4,Yes,16640.64,No
NGB-00093,11,Flex,504.33,4,2,Standard,99.5,2,No,No,136,Yes,2994.01,Yes
NGB-00094,77,Flex,250.0,2,1,Standard,99.67,33,No,No,467,Yes,21935.11,No
NGB-00095,90,Term,891.77,3,2,Enterprise,99.15,19,Yes,Yes,358,No,101269.91,No
NGB-00096,56,Standard,689.18,5,5,High,99.53,23,Yes,No,191,Yes,55641.05,No
NGB-00097,71,Standard,634.47,3,2,High,99.61,1,No,No,277,Yes,54232.33,No
NGB-00098,57,Term,681.88,3,5,Enterprise,98.96,11,No,No,343,Yes,31557.45,No
NGB-00099,88,Standard,654.46,5,4,Standard,99.62,3,No,Yes,400,No,37133.52,No
NGB-00100,73,Flex,406.09,4,1,High,99.76,9,No,No,224,No,62142.17,Yes
NGB-00101,9,Flex,414.38,5,2,High,99.51,10,No,Yes,444,Yes,6075.98,No
NGB-00102,85,Standard,500.9,4,2,Standard,98.9,4,Yes,No,211,Yes,41992.93,Yes
NGB-00103,27,Standard,480.01,5,4,Enterprise,99.11,13,No,No,126,Yes,10319.45,No
NGB-00104,10,Flex,483.67,2,2,Enterprise,99.68,15,No,No,183,No,4069.79,No
NGB-00105,65,Term,921.0,1,2,Standard,99.99,31,Yes,No,363,No,53689.17,No
NGB-00106,18,Term,697.76,5,6,Enterprise,99.67,31,Yes,No,23,Yes,10575.43,No
NGB-00107,12,Flex,559.76,4,2,High,99.39,38,No,No,298,No,4351.95,Yes
NGB-00108,65,Standard,550.41,2,3,Standard,99.58,34,No,No,461,No,55835.24,No
NGB-00109,6,Flex,446.25,1,2,High,99.39,20,Yes,No,105,Yes,3118.27,No
NGB-00110,96,Flex,404.98,2,7,Enterprise,99.64,36,No,No,316,Yes,32982.73,No
NGB-00111,71,Term,675.69,3,2,Enterprise,99.69,32,No,Yes,211,Yes,75717.08,No
NGB-00112,83,Flex,382.31,2,6,Standard,98.87,24,No,No,28,No,37347.28,Yes
NGB-00113,54,Standard,660.39,3,2,High,99.99,3,No,No,429,Yes,71547.58,No
NGB-00114,78,Term,1000.38,3,4,High,99.99,13,No,Yes,429,Yes,35418.54,Yes
NGB-00115,58,Flex,407.58,4,4,High,99.02,38,No,Yes,311,No,21829.72,Yes
NGB-00116,30,Standard,639.99,5,4,Enterprise,99.23,33,Yes,No,388,Yes,18563.65,No
NGB-00117,45,Standard,733.09,2,4,High,99.79,23,No,No,287,No,41599.44,Yes
NGB-00118,48,Term,941.03,3,2,High,99.37,26,No,No,114,Yes,40983.04,No
NGB-00119,82,Standard,572.14,3,1,Enterprise,99.04,32,No,No,277,Yes,52708.39,No
NGB-00120,46,Standard,624.67,5,4,Standard,98.87,16,No,Yes,160,No,42692.35,No
NGB-00121,80,Standard,532.06,1,6,High,99.44,14,No,No,367,Yes,30058.26,No
NGB-00122,60,Standard,702.41,2,3,High,98.99,33,No,No,39,Yes,62184.24,No
NGB-00123,26,Standard,569.3,4,3,High,99.72,33,No,No,195,Yes,11434.29,No
NGB-00124,42,Term,795.23,5,1,Standard,99.5,26,No,No,210,No,34580.66,No
NGB-00125,31,Flex,338.55,1,4,High,99.99,30,No,Yes,167,Yes,5460.3,Yes
NGB-00126,57,Flex,332.84,3,4,High,99.97,16,No,No,258,Yes,12088.36,No
NGB-00127,78,Flex,436.31,2,3,Standard,99.48,26,No,No,389,No,24974.15,No
NGB-00128,86,Term,869.87,3,1,Standard,99.97,27,No,No,257,No,38852.21,No
NGB-00129,53,Flex,404.11,3,3,Enterprise,99.25,21,No,No,233,Yes,17908.14,Yes
NGB-00130,40,Flex,386.98,1,4,Standard,99.19,5,No,No,344,Yes,26321.18,No
NGB-00131,76,Standard,680.13,4,2,High,99.99,8,No,Yes,129,Yes,47582.6,No
NGB-00132,4,Flex,494.84,2,4,High,99.99,33,No,No,433,No,2732.87,Yes
NGB-00133,33,Flex,615.26,4,9,Standard,99.94,29,No,No,200,Yes,49230.48,No
NGB-00134,26,Standard,619.5,5,1,High,99.02,39,No,No,71,No,17552.9,No
NGB-00135,10,Standard,569.73,5,4,Standard,98.99,22,No,No,242,Yes,6367.08,No
NGB-00136,67,Standard,528.48,4,5,Standard,99.78,31,Yes,No,369,Yes,23485.5,No
NGB-00137,38,Flex,389.13,3,2,Standard,99.14,26,No,No,345,Yes,17373.18,Yes
NGB-00138,86,Standard,655.23,3,2,Enterprise,99.16,30,No,No,490,No,82872.54,No
NGB-00139,54,Standard,580.89,3,2,Standard,99.44,22,No,Yes,302,Yes,25102.49,No
NGB-00140,31,Standard,445.43,4,2,High,99.23,15,No,No,221,Yes,15971.52,No
NGB-00141,65,Term,843.56,5,6,Standard,99.99,2,No,Yes,60,Yes,30980.33,No
NGB-00142,0,Flex,362.82,3,2,Enterprise,99.99,12,No,Yes,178,No,176.76,Yes
NGB-00143,64,Standard,779.44,5,0,High,99.99,4,No,Yes,109,No,43530.13,No
NGB-00144,91,Standard,649.14,3,2,High,99.38,37,No,Yes,93,Yes,72086.14,No
NGB-00145,15,Term,801.0,2,1,High,99.99,39,No,No,204,Yes,4672.68,No
NGB-00146,92,Standard,671.9,3,2,Standard,99.45,38,No,No,86,Yes,62111.1,No
NGB-00147,83,Standard,563.55,2,2,Enterprise,99.8,28,No,Yes,473,Yes,66415.96,No
NGB-00148,91,Standard,517.89,4,3,Enterprise,99.83,21,No,No,46,No,58328.73,No
NGB-00149,56,Flex,493.54,2,2,High,99.24,20,No,Yes,73,Yes,25222.48,No
NGB-00150,94,Standard,579.05,3,6,High,99.83,6,Yes,Yes,458,Yes,18187.75,No
NGB-00151,10,Standard,713.38,4,1,High,99.4,18,No,No,177,Yes,13557.69,No
NGB-00152,78,Term,805.82,4,2,High,99.73,7,No,Yes,280,Yes,39619.04,No
NGB-00153,48,Standard,533.81,4,6,Standard,99.2,25,Yes,No,143,Yes,40972.78,Yes
NGB-00154,79,Flex,353.02,1,6,Enterprise,99.71,2,No,No,56,Yes,18514.94,Yes
NGB-00155,29,Standard,622.11,4,1,Enterprise,99.77,28,No,No,170,No,10510.65,No
NGB-00156,24,Standard,552.24,1,2,Standard,99.8,9,Yes,No,409,Yes,13964.43,No
NGB-00157,1,Standard,580.22,3,6,High,99.99,19,No,No,192,Yes,584.96,No
NGB-00158,93,Term,867.02,4,1,Standard,99.99,4,No,No,392,No,46438.86,No
NGB-00159,53,Standard,715.47,8,2,High,99.23,3,No,No,353,Yes,61868.11,No
NGB-00160,66,Standard,680.22,5,4,High,99.17,23,Yes,No,42,Yes,66738.92,No
NGB-00161,95,Standard,652.47,4,5,Standard,99.96,15,No,No,332,No,39429.64,No
NGB-00162,15,Standard,656.76,3,2,High,99.99,8,No,No,246,No,7357.59,No
NGB-00163,85,Flex,363.26,3,3,Standard,98.63,10,Yes,No,338,No,11653.73,No
NGB-00164,80,Term,849.44,6,2,High,99.67,20,Yes,No,331,Yes,55818.94,No
NGB-00165,47,Term,848.84,3,3,Enterprise,98.75,29,No,Yes,181,Yes,30636.04,No
NGB-00166,12,Term,919.16,3,4,Standard,99.71,22,No,No,455,No,22108.43,No
NGB-00167,79,Flex,454.16,4,1,Enterprise,99.89,14,No,No,291,Yes,37225.88,No
NGB-00168,60,Standard,543.98,2,4,High,99.53,34,No,No,409,Yes,33888.64,Yes
NGB-00169,49,Term,1054.0,2,1,Standard,99.49,17,No,No,168,Yes,62233.61,No
NGB-00170,17,Standard,739.51,5,4,Enterprise,99.4,5,No,Yes,280,Yes,11636.44,Yes
NGB-00171,16,Flex,460.78,4,6,High,99.75,12,Yes,No,196,Yes,11498.57,Yes
NGB-00172,70,Flex,417.25,2,5,Standard,99.74,37,No,No,355,Yes,35665.71,Yes
NGB-00173,12,Standard,585.07,3,4,High,99.91,14,No,No,403,Yes,7204.39,No
NGB-00174,96,Flex,415.73,3,1,Enterprise,99.68,9,No,No,227,No,48643.21,No
NGB-00175,28,Flex,529.86,2,3,Standard,99.04,9,No,No,217,Yes,37705.94,Yes
NGB-00176,43,Standard,685.47,1,4,Standard,98.77,28,No,Yes,311,Yes,12152.44,No
NGB-00177,12,Standard,760.85,3,1,High,99.15,25,No,No,462,No,5004.73,No
NGB-00178,28,Term,1074.64,2,4,High,99.43,6,Yes,No,190,No,24853.31,No
NGB-00179,9,Standard,553.54,3,3,Enterprise,99.99,18,No,Yes,263,Yes,7971.88,No
NGB-00180,60,Term,992.03,3,0,High,99.84,30,No,Yes,228,Yes,60604.25,No
NGB-00181,89,Term,967.39,1,1,High,99.99,5,No,No,291,Yes,117641.01,No
NGB-00182,69,Standard,511.65,3,4,Standard,99.78,22,No,No,425,No,32918.43,No
NGB-00183,48,Flex,407.25,4,4,Standard,99.98,29,No,No,290,Yes,13002.07,No
NGB-00184,73,Term,822.08,3,1,High,98.76,25,No,No,60,Yes,83280.33,No
NGB-00185,26,Flex,493.8,5,4,High,98.92,5,No,Yes,274,Yes,12668.82,Yes
NGB-00186,21,Flex,441.95,1,2,Enterprise,99.99,36,No,No,278,Yes,16440.59,Yes
NGB-00187,17,Term,753.04,3,3,Standard,99.58,10,No,No,373,Yes,6947.17,No
NGB-00188,17,Standard,636.86,2,5,Standard,99.46,38,No,Yes,134,No,19868.4,No
NGB-00189,87,Flex,516.32,5,4,High,98.76,36,No,No,341,Yes,66420.1,No
NGB-00190,75,Standard,616.47,2,1,Enterprise,99.77,33,No,No,328,Yes,40833.81,No
NGB-00191,34,Standard,645.91,4,3,Standard,99.43,26,Yes,Yes,476,No,14617.49,No
NGB-00192,41,Term,867.77,3,5,Standard,98.67,24,No,Yes,113,No,27943.59,Yes
NGB-00193,62,Flex,365.22,2,2,Enterprise,99.77,39,No,No,466,No,22211.32,No
NGB-00194,68,Standard,559.82,5,2,Standard,99.44,19,No,No,429,Yes,59949.5,No
NGB-00195,72,Flex,410.95,3,4,Enterprise,99.41,3,No,No,409,No,26790.31,Yes
NGB-00196,66,Flex,375.13,4,6,High,99.8,36,No,No,241,Yes,36836.41,Yes
NGB-00197,86,Flex,351.77,2,3,High,99.21,37,No,No,168,Yes,22506.17,No
NGB-00198,62,Standard,576.47,5,2,High,98.99,17,No,Yes,381,No,33241.54,No
NGB-00199,45,Flex,510.11,2,4,Enterprise,99.25,34,Yes,No,185,Yes,21698.63,No
NGB-00200,47,Flex,421.0,2,2,High,99.85,10,No,No,62,Yes,62568.32,No
NGB-00201,50,Term,924.87,2,3,Standard,99.08,1,No,No,189,No,77877.18,Yes
NGB-00202,16,Standard,580.45,2,4,Standard,99.56,15,Yes,No,101,No,13364.63,No
NGB-00203,14,Flex,361.78,2,6,High,99.92,3,No,No,175,Yes,4804.14,No
NGB-00204,96,Standard,682.59,1,3,High,99.52,26,No,No,109,Yes,119225.2,No
NGB-00205,84,Term,806.19,7,4,Enterprise,99.27,39,Yes,Yes,472,Yes,34246.93,No
NGB-00206,55,Standard,669.93,4,6,High,99.74,10,Yes,Yes,403,Yes,12316.1,No
NGB-00207,40,Standard,620.13,1,3,High,99.49,33,No,No,172,Yes,29080.42,No
NGB-00208,63,Standard,833.87,1,9,Standard,99.39,4,No,No,182,Yes,45684.52,No
NGB-00209,31,Flex,408.75,6,1,Standard,99.24,2,No,No,28,Yes,9502.06,No
NGB-00210,81,Term,672.24,3,2,Enterprise,99.53,21,No,Yes,29,Yes,75878.02,No
NGB-00211,36,Flex,310.36,1,1,Standard,99.82,33,Yes,No,286,Yes,3657.94,No
NGB-00212,9,Term,1057.06,3,5,Standard,99.3,22,No,Yes,400,Yes,15370.7,No
NGB-00213,60,Term,867.89,3,1,High,99.43,6,No,No,13,Yes,101494.53,No
NGB-00214,17,Flex,411.4,3,3,Standard,99.86,30,No,No,455,No,4821.3,No
NGB-00215,76,Standard,716.33,3,2,Standard,99.47,27,No,No,493,No,120372.07,No
NGB-00216,46,Term,1045.79,3,4,Enterprise,99.45,31,No,No,397,No,74940.87,No
NGB-00217,23,Standard,549.37,1,1,Enterprise,98.97,7,No,No,122,Yes,10271.58,No
NGB-00218,25,Term,870.67,4,1,High,99.52,10,No,Yes,401,Yes,18372.0,No
NGB-00219,75,Standard,596.51,3,1,High,99.7,3,No,No,12,No,45410.28,No
NGB-00220,25,Flex,461.78,3,5,Enterprise,99.37,14,No,No,373,Yes,13365.58,No
NGB-00221,6,Flex,514.41,1,6,Enterprise,99.58,15,No,No,374,Yes,2993.41,No
NGB-00222,17,Term,1026.64,2,5,Standard,99.32,24,Yes,Yes,496,Yes,40802.09,No
NGB-00223,86,Standard,761.3,4,5,Standard,98.9,15,No,No,305,Yes,49044.05,No
NGB-00224,58,Term,953.64,3,2,High,98.7,12,Yes,No,52,Yes,55550.99,No
NGB-00225,37,Flex,250.0,4,3,Enterprise,99.88,9,Yes,Yes,9,Yes,9161.2,Yes
NGB-00226,57,Standard,571.97,2,1,High,99.99,32,No,No,316,Yes,17175.68,No
NGB-00227,89,Flex,384.23,3,5,High,99.99,13,No,Yes,150,Yes,43112.27,No
NGB-00228,84,Flex,451.6,3,5,High,99.19,22,No,No,373,Yes,31351.44,Yes
NGB-00229,19,Standard,838.58,3,4,High,99.85,16,No,No,64,Yes,19750.69,No
NGB-00230,50,Standard,631.2,5,3,Standard,99.28,38,No,No,9,Yes,29666.14,No
NGB-00231,39,Standard,675.3,4,0,High,99.19,25,No,No,62,Yes,42699.36,No
NGB-00232,67,Standard,615.25,2,0,Enterprise,99.99,15,Yes,No,355,No,19876.35,No
NGB-00233,24,Term,1042.26,3,3,High,99.21,34,Yes,Yes,105,Yes,12673.63,No
NGB-00234,40,Standard,492.99,4,2,Standard,99.39,4,No,No,162,No,32856.92,No
NGB-00235,84,Flex,446.25,6,0,Standard,99.39,1,No,No,495,Yes,30923.76,No
NGB-00236,36,Standard,683.15,4,3,Standard,99.24,27,No,No,447,Yes,36511.18,No
NGB-00237,46,Flex,382.32,2,0,Standard,99.99,14,Yes,No,152,Yes,79957.06,No
NGB-00238,84,Standard,562.07,5,3,Standard,99.99,19,Yes,Yes,454,Yes,39804.43,No
NGB-00239,36,Flex,426.99,6,3,High,98.88,6,No,Yes,432,Yes,12961.76,No
NGB-00240,96,Flex,395.91,1,1,Standard,99.68,19,No,No,81,Yes,41920.68,No
NGB-00241,11,Standard,638.73,3,2,Standard,99.44,32,No,No,55,Yes,3715.64,Yes
NGB-00242,3,Standard,711.55,2,3,High,99.21,5,No,No,199,No,1234.13,No
NGB-00243,57,Term,987.65,3,2,Standard,99.35,31,No,Yes,418,No,80770.89,No
NGB-00244,63,Flex,422.69,6,4,High,99.58,36,No,Yes,32,Yes,23260.26,Yes
NGB-00245,57,Standard,638.77,1,4,High,99.54,22,No,No,440,Yes,33662.8,Yes
NGB-00246,24,Standard,519.83,2,3,Standard,99.74,5,No,Yes,190,Yes,6438.12,No
NGB-00247,43,Standard,582.64,4,4,High,99.77,18,No,No,59,No,35489.66,Yes
NGB-00248,23,Standard,457.31,5,1,High,98.92,24,No,No,62,Yes,18431.01,Yes
NGB-00249,29,Flex,504.09,3,4,High,99.45,17,Yes,Yes,212,Yes,5626.96,No
NGB-00250,62,Term,868.57,2,3,Standard,99.41,4,No,No,205,No,67286.11,No
NGB-00251,55,Standard,568.3,1,5,High,99.84,17,Yes,Yes,287,Yes,49111.95,No
NGB-00252,9,Standard,624.24,3,5,Standard,98.59,9,No,No,75,Yes,4814.9,No
NGB-00253,5,Standard,622.05,4,5,Standard,99.99,30,No,No,176,Yes,4566.43,No
NGB-00254,95,Standard,620.97,4,0,Standard,99.5,9,No,No,267,No,111111.69,No
NGB-00255,15,Flex,472.9,1,4,Standard,99.64,24,No,No,112,Yes,16984.55,No
NGB-00256,95,Term,889.2,3,3,Enterprise,98.75,29,Yes,Yes,294,Yes,95621.79,No
NGB-00257,2,Standard,595.73,4,4,High,99.37,31,No,No,291,No,476.07,No
NGB-00258,31,Standard,625.31,4,2,Standard,99.06,6,No,No,194,Yes,17954.85,Yes
NGB-00259,80,Term,1130.54,4,1,High,99.91,2,No,Yes,258,Yes,97396.03,No
NGB-00260,65,Flex,354.14,2,3,Enterprise,99.3,21,No,No,394,Yes,13914.45,No
NGB-00261,91,Flex,364.52,2,4,High,99.44,22,No,No,288,Yes,44417.23,No
NGB-00262,8,Standard,542.85,3,5,High,99.22,35,No,No,154,Yes,2911.24,No
NGB-00263,86,Standard,551.91,2,3,High,99.1,25,No,No,41,Yes,111139.09,No
NGB-00264,2,Flex,459.46,5,1,Enterprise,99.79,13,No,No,143,No,1566.35,No
NGB-00265,69,Term,850.82,2,4,Enterprise,99.11,24,No,No,287,Yes,179655.75,No
NGB-00266,19,Standard,556.59,3,5,Standard,99.57,11,No,Yes,113,Yes,6250.41,No
NGB-00267,92,Standard,866.17,1,4,Standard,99.29,4,No,No,235,No,31347.97,Yes
NGB-00268,6,Standard,676.95,6,4,Standard,99.66,31,No,Yes,434,No,7114.21,No
NGB-00269,69,Term,951.98,2,4,Standard,99.84,27,No,No,90,Yes,42997.46,No
NGB-00270,0,Standard,778.57,4,2,High,99.54,11,No,No,333,No,1554.48,No
NGB-00271,53,Term,962.79,3,7,High,99.88,7,Yes,Yes,408,Yes,54055.92,No
NGB-00272,9,Standard,561.04,4,8,Standard,99.86,21,No,No,288,Yes,4717.24,No
NGB-00273,91,Flex,334.17,1,5,High,99.64,1,No,No,333,Yes,10728.63,Yes
NGB-00274,0,Flex,439.74,1,3,Standard,99.58,2,No,No,418,No,585.87,Yes
NGB-00275,85,Standard,538.33,2,4,High,99.18,9,No,Yes,109,No,62085.89,No
NGB-00276,23,Term,986.17,3,0,Standard,99.22,23,No,Yes,78,Yes,21179.32,No
NGB-00277,20,Flex,463.6,5,5,Standard,99.61,35,No,No,207,No,9395.71,Yes
NGB-00278,73,Flex,389.08,2,6,Standard,99.19,8,Yes,No,64,Yes,37241.71,Yes
NGB-00279,55,Flex,413.78,3,3,Standard,99.31,14,Yes,No,457,Yes,10806.21,No
NGB-00280,74,Term,863.03,3,3,Enterprise,99.77,3,Yes,No,50,Yes,51040.78,No
NGB-00281,51,Standard,513.88,4,4,Standard,99.88,37,No,No,364,Yes,48550.71,No
NGB-00282,19,Term,1035.04,2,1,Standard,98.37,27,Yes,No,262,Yes,15937.19,No
NGB-00283,31,Flex,474.98,5,1,Standard,99.46,18,No,No,188,No,15273.85,No
NGB-00284,22,Term,897.39,2,2,Enterprise,99.82,11,No,No,325,Yes,15862.49,No
NGB-00285,23,Standard,550.11,8,3,Standard,99.33,7,Yes,No,292,No,10055.86,No
NGB-00286,52,Standard,554.07,2,3,High,99.75,6,No,Yes,402,Yes,29192.16,No
NGB-00287,85,Term,650.02,3,2,Standard,99.71,39,No,No,196,Yes,31235.98,No
NGB-00288,68,Term,900.83,4,3,Enterprise,99.46,24,Yes,Yes,184,Yes,119917.4,No
NGB-00289,81,Flex,572.74,2,1,High,99.29,30,No,No,340,Yes,63554.15,Yes
NGB-00290,14,Flex,458.72,3,7,Standard,99.05,18,No,No,452,No,11872.86,No
NGB-00291,40,Flex,429.16,4,1,High,98.88,12,No,No,171,Yes,14533.76,Yes
NGB-00292,57,Flex,343.2,2,1,Enterprise,99.56,19,No,No,370,Yes,9460.29,Yes
NGB-00293,30,Standard,570.26,3,4,Enterprise,98.88,9,No,No,132,Yes,13577.64,No
NGB-00294,4,Flex,292.28,5,3,Standard,99.77,20,No,Yes,161,Yes,2291.7,No
NGB-00295,82,Flex,398.01,3,2,Standard,99.87,29,No,Yes,315,Yes,47349.73,No
NGB-00296,19,Term,939.6,3,4,High,99.85,34,No,No,425,Yes,16147.3,No
NGB-00297,93,Term,846.22,3,4,High,99.27,39,Yes,No,124,Yes,46834.06,No
NGB-00298,16,Standard,582.09,3,6,High,99.93,19,No,No,95,Yes,14583.31,No
NGB-00299,77,Standard,641.94,3,5,High,98.42,26,No,No,387,Yes,46643.42,No
NGB-00300,29,Flex,483.01,3,7,Enterprise,99.25,18,Yes,No,240,Yes,13283.49,Yes
NGB-00301,73,Flex,444.29,4,0,High,98.71,25,No,No,361,Yes,35221.53,Yes
NGB-00302,72,Standard,668.07,3,2,Standard,99.61,19,No,Yes,259,Yes,55411.05,No
NGB-00303,57,Flex,467.92,2,0,Standard,99.21,2,Yes,No,449,Yes,25439.06,Yes
NGB-00304,49,Standard,667.3,4,0,Standard,99.09,15,No,Yes,126,Yes,48105.97,Yes
NGB-00305,38,Term,892.65,6,1,Standard,98.82,18,No,Yes,452,Yes,49966.5,No
NGB-00306,77,Term,907.97,5,2,Standard,99.59,19,No,Yes,423,No,93936.88,No
NGB-00307,47,Flex,439.33,3,3,High,99.43,17,No,No,308,Yes,16308.52,Yes
NGB-00308,84,Term,1044.22,3,1,High,99.18,5,No,Yes,46,Yes,64872.6,No
NGB-00309,66,Flex,453.29,3,1,High,99.69,7,No,No,324,No,28563.11,Yes
NGB-00310,57,Flex,401.74,6,3,Enterprise,99.22,31,No,No,402,Yes,31615.04,Yes
NGB-00311,46,Term,949.0,5,3,High,99.71,3,No,Yes,32,No,27670.73,No
NGB-00312,63,Term,1114.76,1,2,Standard,98.91,1,No,No,189,Yes,81231.52,No
NGB-00313,90,Term,761.52,2,3,High,99.99,25,No,No,111,Yes,73200.03,No
NGB-00314,1,Flex,475.28,2,3,High,99.99,2,No,No,64,Yes,0.0,Yes
NGB-00315,40,Term,796.15,5,2,High,99.25,27,No,No,75,Yes,36185.93,No
NGB-00316,75,Term,980.79,3,5,Standard,99.99,15,No,No,204,Yes,88309.63,No
NGB-00317,38,Term,981.82,5,4,High,99.26,1,No,Yes,83,Yes,29899.23,No
NGB-00318,26,Term,1023.42,5,3,Enterprise,99.66,26,No,Yes,98,No,14091.92,No
NGB-00319,81,Flex,488.11,2,4,High,98.67,38,No,No,162,Yes,31372.04,No
NGB-00320,69,Standard,837.98,2,1,Standard,99.21,7,No,No,388,Yes,76866.2,No
NGB-00321,61,Flex,440.85,3,4,Standard,99.8,16,No,Yes,400,No,49736.69,No
NGB-00322,66,Standard,592.45,3,3,Enterprise,99.99,2,No,No,44,Yes,39330.45,No
NGB-00323,77,Flex,426.31,2,2,Enterprise,99.44,36,No,No,261,No,69088.34,Yes
NGB-00324,10,Standard,764.8,3,4,Standard,98.98,14,No,Yes,343,Yes,8600.0,No
NGB-00325,28,Term,845.13,4,0,Standard,99.62,30,Yes,Yes,427,Yes,20196.11,No
NGB-00326,74,Flex,296.0,3,1,Enterprise,98.93,11,No,No,132,Yes,22914.25,No
NGB-00327,72,Flex,412.91,3,7,Enterprise,99.1,33,No,No,177,No,27141.32,No
NGB-00328,63,Standard,691.6,1,4,High,99.31,35,Yes,No,478,Yes,106700.86,No
NGB-00329,88,Standard,694.19,3,2,Standard,99.66,4,No,No,253,No,58597.5,No
NGB-00330,48,Term,775.94,3,3,Standard,99.11,11,No,Yes,275,Yes,35173.24,No
NGB-00331,5,Standard,638.66,3,2,Standard,99.31,33,No,No,461,No,2533.25,No
NGB-00332,83,Standard,619.32,2,0,High,99.56,6,No,No,401,Yes,82049.47,No
NGB-00333,24,Flex,412.77,3,3,High,99.75,35,No,No,87,Yes,5250.24,Yes
NGB-00334,23,Flex,432.52,5,5,Standard,98.94,16,No,Yes,307,No,4856.52,Yes
NGB-00335,76,Flex,506.89,2,5,Standard,99.29,10,No,Yes,339,No,20995.61,No
NGB-00336,50,Term,846.43,1,2,Standard,99.53,23,No,No,138,Yes,23303.64,No
NGB-00337,84,Flex,414.35,1,5,High,99.58,16,No,No,266,Yes,40826.63,Yes
NGB-00338,19,Term,600.0,4,3,Standard,99.62,6,Yes,No,448,Yes,11539.26,No
NGB-00339,69,Standard,761.06,3,5,Enterprise,99.59,4,No,No,300,Yes,26502.2,No
NGB-00340,67,Flex,584.91,6,4,High,99.39,30,Yes,No,101,Yes,37756.64,No
NGB-00341,69,Flex,419.91,3,3,Standard,99.88,30,No,No,474,Yes,32640.06,Yes
NGB-00342,93,Flex,470.63,6,4,Standard,99.77,37,No,No,153,Yes,43400.96,No
NGB-00343,86,Standard,783.72,2,4,Standard,99.97,38,No,No,427,Yes,20692.89,Yes
NGB-00344,2,Standard,626.92,5,1,Enterprise,99.24,33,No,No,111,Yes,2459.87,No
NGB-00345,73,Flex,419.54,2,2,High,99.02,20,No,No,426,Yes,39317.19,No
NGB-00346,26,Flex,331.05,4,6,High,99.39,2,No,No,18,Yes,9298.3,Yes
NGB-00347,9,Flex,423.71,2,1,Standard,99.52,34,Yes,No,466,Yes,8427.05,Yes
NGB-00348,65,Term,1016.62,2,1,Standard,99.61,2,Yes,Yes,392,Yes,109777.18,No
NGB-00349,31,Term,809.06,4,4,Standard,98.74,39,Yes,No,37,Yes,12455.56,No
NGB-00350,71,Flex,372.1,3,3,Enterprise,99.12,29,No,No,76,Yes,41204.23,No
NGB-00351,55,Term,770.89,3,3,Enterprise,99.18,18,No,Yes,324,No,30597.6,No
NGB-00352,86,Flex,486.63,5,1,High,99.6,12,No,No,250,No,23802.61,No
NGB-00353,37,Standard,598.09,1,3,High,98.97,2,No,No,139,Yes,26259.57,No
NGB-00354,78,Standard,586.08,1,3,High,99.7,1,Yes,No,260,No,32588.13,No
NGB-00355,92,Term,908.56,3,2,Enterprise,98.97,6,No,No,424,Yes,128579.07,No
NGB-00356,76,Flex,407.71,2,3,Standard,99.17,21,No,No,358,Yes,33578.54,No
NGB-00357,26,Term,1075.8,3,2,High,99.04,27,Yes,No,45,Yes,50951.84,No
NGB-00358,80,Term,974.84,3,1,Standard,99.55,26,Yes,No,434,Yes,70501.63,No
NGB-00359,19,Term,850.38,5,4,High,99.76,27,No,Yes,403,Yes,26462.12,No
NGB-00360,45,Term,975.89,6,2,High,99.99,8,No,Yes,429,No,38014.48,No
NGB-00361,44,Standard,636.92,3,2,High,99.6,2,No,No,209,Yes,46241.97,No
NGB-00362,47,Flex,357.52,2,3,Standard,99.39,17,No,No,341,Yes,21663.91,Yes
NGB-00363,71,Term,953.13,1,2,Standard,99.28,37,Yes,No,200,Yes,60496.73,No
NGB-00364,15,Flex,486.67,2,1,Standard,99.55,30,No,No,269,Yes,17016.65,No
NGB-00365,60,Standard,517.14,3,1,Enterprise,99.99,22,No,Yes,420,No,20557.53,No
NGB-00366,13,Flex,469.3,3,4,High,99.16,24,No,No,488,No,4540.62,Yes
NGB-00367,71,Standard,467.88,3,4,Enterprise,99.99,8,No,No,407,Yes,44881.95,No
NGB-00368,93,Term,1116.23,2,6,High,99.77,20,No,No,347,No,136516.12,Yes
NGB-00369,77,Standard,580.78,3,3,Standard,99.21,18,Yes,Yes,109,Yes,26290.59,No
NGB-00370,16,Term,1041.85,3,9,Standard,99.5,15,Yes,No,420,Yes,10100.2,No
NGB-00371,73,Standard,569.33,8,7,Standard,98.8,29,No,No,71,No,33557.92,No
NGB-00372,19,Term,845.86,4,3,High,99.68,26,No,Yes,458,No,18573.94,No
NGB-00373,63,Standard,559.42,2,2,Standard,99.03,24,Yes,No,71,No,28831.1,No
NGB-00374,17,Standard,626.26,5,3,Standard,99.52,26,No,No,102,Yes,11706.76,No
NGB-00375,12,Standard,685.38,1,2,Standard,99.44,19,No,No,151,Yes,14226.33,No
NGB-00376,63,Standard,644.86,2,4,Standard,99.63,9,Yes,Yes,159,No,46235.15,No
NGB-00377,46,Standard,671.89,4,6,Standard,99.3,12,No,No,28,No,29149.75,No
NGB-00378,1,Term,895.93,3,5,Standard,99.64,29,No,Yes,248,Yes,3129.68,No
NGB-00379,48,Standard,597.0,3,5,Enterprise,99.33,2,No,No,44,No,23046.57,No
NGB-00380,69,Standard,629.85,4,1,High,99.36,14,No,No,182,Yes,32326.84,No
NGB-00381,89,Flex,515.72,3,1,Standard,99.67,8,No,No,214,Yes,37014.06,Yes
NGB-00382,84,Standard,710.01,2,2,Enterprise,98.91,17,No,No,420,Yes,61789.74,No
NGB-00383,33,Standard,533.06,5,3,Standard,99.56,38,Yes,No,453,No,33076.48,No
NGB-00384,41,Term,919.66,4,3,Enterprise,99.19,30,No,No,106,No,58288.16,No
NGB-00385,85,Term,623.95,4,3,Enterprise,99.24,13,No,No,74,Yes,83395.82,No
NGB-00386,47,Standard,624.35,4,1,Standard,98.91,4,No,No,392,Yes,18806.54,No
NGB-00387,79,Standard,627.07,1,6,High,98.87,17,No,No,440,Yes,35545.67,Yes
NGB-00388,8,Standard,581.61,5,4,Enterprise,99.3,34,No,No,259,Yes,7229.06,No
NGB-00389,69,Flex,474.1,1,3,Standard,99.45,14,No,No,173,Yes,33090.51,No
NGB-00390,7,Flex,440.81,3,4,Standard,99.59,17,Yes,No,335,Yes,1645.92,Yes
NGB-00391,3,Standard,623.71,6,5,Standard,99.44,12,No,No,282,Yes,2814.44,Yes
NGB-00392,76,Standard,681.72,4,1,High,99.65,28,No,No,69,Yes,26067.56,No
NGB-00393,64,Flex,436.15,5,2,Standard,99.3,30,No,Yes,198,Yes,35652.61,No
NGB-00394,67,Term,600.0,5,4,Enterprise,99.32,14,No,No,464,Yes,22829.49,No
NGB-00395,72,Flex,447.88,5,3,Standard,99.99,29,No,No,278,No,46894.81,No
NGB-00396,70,Term,909.09,3,2,Standard,99.76,7,Yes,No,196,No,60592.37,No
NGB-00397,84,Standard,544.0,3,3,Standard,99.23,24,No,No,152,Yes,65711.92,No
NGB-00398,73,Standard,684.38,4,5,Standard,99.36,20,No,No,341,No,36030.06,No
NGB-00399,42,Term,999.06,3,2,Standard,99.1,29,Yes,Yes,43,Yes,18880.75,No
NGB-00400,35,Term,1279.62,1,7,High,99.98,31,No,Yes,443,No,35366.09,No
NGB-00401,30,Term,870.81,3,6,Enterprise,99.49,20,Yes,Yes,433,No,15194.04,No
NGB-00402,70,Flex,319.11,3,8,Standard,98.96,12,No,Yes,177,Yes,23123.19,No
NGB-00403,95,Standard,670.02,7,1,High,99.42,38,No,No,238,Yes,53233.09,No
NGB-00404,39,Term,854.48,2,1,Standard,98.94,34,No,No,366,Yes,59304.99,No
NGB-00405,54,Standard,462.87,5,2,Enterprise,99.32,25,No,No,471,No,16434.42,No
NGB-00406,2,Term,1058.56,6,4,High,99.44,38,No,Yes,51,Yes,454.9,No
NGB-00407,92,Standard,537.17,2,1,Standard,99.3,11,No,No,271,No,33955.13,No
NGB-00408,19,Standard,673.66,3,2,Standard,99.55,18,Yes,No,134,Yes,17011.84,No
NGB-00409,24,Standard,743.65,5,2,High,99.57,36,No,No,439,Yes,20451.75,No
NGB-00410,36,Standard,630.6,3,2,Standard,99.65,5,Yes,No,225,Yes,9849.44,No
NGB-00411,21,Standard,613.91,3,3,Standard,99.72,5,No,No,116,No,35269.56,No
NGB-00412,2,Term,743.03,3,3,High,99.9,24,No,No,90,Yes,3253.67,No
NGB-00413,68,Term,1153.6,1,7,High,99.62,4,No,Yes,164,Yes,65738.27,No
NGB-00414,49,Standard,598.26,2,5,High,99.09,8,No,No,99,No,12269.51,No
NGB-00415,72,Flex,356.81,3,3,Enterprise,99.99,14,No,No,56,Yes,28055.86,No
NGB-00416,51,Standard,672.85,2,4,Standard,99.99,31,No,No,349,Yes,27880.87,No
NGB-00417,64,Flex,411.76,4,7,High,99.1,2,Yes,No,291,Yes,19482.26,Yes
NGB-00418,32,Flex,408.6,7,0,Standard,99.15,10,No,No,396,Yes,16807.41,No
NGB-00419,12,Term,762.91,5,9,Standard,99.9,35,No,Yes,62,No,12115.27,No
NGB-00420,61,Standard,545.99,3,3,Enterprise,99.88,30,No,No,415,Yes,87027.21,No
NGB-00421,70,Term,950.4,5,4,Standard,99.29,15,Yes,Yes,246,Yes,38183.78,No
NGB-00422,34,Standard,655.57,5,1,High,98.89,39,No,No,77,Yes,38985.53,No
NGB-00423,79,Flex,353.74,3,3,Standard,98.79,12,No,No,33,No,18171.61,No
NGB-00424,90,Flex,250.0,2,3,Standard,99.22,29,No,No,303,Yes,31792.02,Yes
NGB-00425,57,Term,904.79,2,3,Standard,99.99,6,Yes,Yes,236,Yes,52743.95,No
NGB-00426,91,Standard,581.87,3,5,High,99.53,6,No,No,339,No,69024.32,No
NGB-00427,16,Flex,419.81,4,3,High,99.31,8,Yes,No,418,Yes,9177.1,No
NGB-00428,48,Standard,486.55,2,3,Enterprise,99.99,5,Yes,No,319,Yes,11922.53,No
NGB-00429,31,Standard,550.35,5,4,High,99.62,20,No,No,23,Yes,8622.42,No
NGB-00430,8,Standard,577.04,2,5,Standard,99.3,19,No,No,154,Yes,3751.46,No
NGB-00431,44,Standard,534.1,4,0,Standard,98.98,2,No,No,362,Yes,8968.71,No
NGB-00432,26,Flex,404.77,2,8,Standard,99.12,36,No,No,449,No,13113.26,Yes
NGB-00433,27,Standard,757.66,3,2,Enterprise,99.99,5,No,Yes,75,Yes,21815.65,No
NGB-00434,60,Flex,350.78,1,2,Enterprise,99.4,26,Yes,No,315,Yes,10002.97,Yes
NGB-00435,56,Standard,584.18,3,2,Standard,98.84,4,Yes,No,86,Yes,42472.7,No
NGB-00436,30,Flex,358.94,2,2,Standard,99.34,18,No,No,28,No,14054.89,No
NGB-00437,38,Term,704.97,2,2,High,99.61,6,No,Yes,68,No,14985.91,No
NGB-00438,78,Flex,386.8,3,4,Standard,99.48,6,No,No,126,Yes,41861.12,No
NGB-00439,30,Term,833.11,1,4,High,99.99,2,No,Yes,462,Yes,23716.06,No
NGB-00440,41,Flex,317.38,4,3,Enterprise,99.87,13,No,No,286,No,5192.78,Yes
NGB-00441,78,Term,751.53,3,1,Standard,99.08,39,No,Yes,110,Yes,101084.37,No
NGB-00442,31,Standard,520.0,4,3,Enterprise,99.23,9,No,No,207,No,18161.73,No
NGB-00443,15,Term,822.86,4,1,Enterprise,99.54,13,No,No,455,No,26038.22,No
NGB-00444,59,Term,1045.17,3,4,High,99.66,15,No,Yes,323,Yes,42207.4,No
NGB-00445,32,Standard,702.75,6,2,Standard,99.16,35,No,No,461,Yes,20246.78,No
NGB-00446,72,Flex,556.39,4,4,High,99.78,5,No,No,140,Yes,48035.43,No
NGB-00447,57,Flex,424.28,2,4,Enterprise,99.3,1,No,No,202,No,38066.6,Yes
NGB-00448,23,Standard,521.14,2,2,Standard,99.72,1,No,No,247,Yes,9910.26,No
NGB-00449,93,Standard,489.62,3,2,Standard,99.48,20,No,No,69,No,59494.48,No
NGB-00450,76,Term,630.36,2,4,Standard,99.48,4,Yes,No,330,No,32874.74,No
NGB-00451,39,Term,606.04,2,2,Enterprise,99.58,35,Yes,No,187,Yes,42491.6,No
NGB-00452,25,Standard,729.33,5,1,Standard,99.59,7,Yes,No,352,No,6489.6,No
NGB-00453,85,Flex,367.76,8,3,High,99.54,37,No,No,169,Yes,55023.4,No
NGB-00454,53,Standard,563.98,3,3,Standard,99.47,30,No,No,72,Yes,19660.99,No
NGB-00455,51,Standard,679.88,6,5,Standard,99.83,19,No,No,4,Yes,17690.61,No
NGB-00456,43,Term,876.67,2,3,Enterprise,99.99,12,Yes,No,239,Yes,92760.06,No
NGB-00457,18,Standard,741.64,4,6,High,99.88,32,No,No,174,Yes,10589.7,No
NGB-00458,47,Term,710.51,3,2,Standard,99.3,12,Yes,No,474,Yes,32383.53,No
NGB-00459,90,Standard,480.17,2,1,High,99.86,17,Yes,No,192,Yes,62451.94,No
NGB-00460,13,Term,994.96,2,4,Standard,99.72,22,No,Yes,125,No,16343.42,No
NGB-00461,13,Term,886.1,1,1,Enterprise,99.87,39,No,Yes,227,Yes,15256.32,No
NGB-00462,51,Flex,524.9,6,2,High,99.68,37,Yes,No,333,Yes,30572.93,No
NGB-00463,81,Standard,542.24,3,4,High,99.59,36,No,No,73,No,31302.24,No
NGB-00464,17,Flex,426.74,6,1,Standard,98.6,27,No,No,16,Yes,9271.03,No
NGB-00465,4,Standard,604.11,2,2,High,99.28,4,No,No,174,Yes,6613.71,Yes
NGB-00466,28,Flex,335.91,4,2,Standard,99.82,31,No,No,304,Yes,14695.93,Yes
NGB-00467,20,Flex,323.53,2,1,High,99.97,27,No,No,236,Yes,6039.4,No
NGB-00468,83,Flex,494.85,3,4,Standard,98.99,30,No,No,110,No,35208.23,No
NGB-00469,42,Term,1016.88,2,6,Standard,99.06,33,Yes,Yes,490,Yes,43241.03,No
NGB-00470,73,Standard,706.13,3,3,Standard,99.81,2,No,No,303,No,33757.94,Yes
NGB-00471,36,Standard,659.42,2,0,Standard,99.34,33,No,No,442,Yes,41516.27,No
NGB-00472,65,Standard,629.84,2,3,Enterprise,99.61,24,No,Yes,234,Yes,32014.16,No
NGB-00473,1,Term,638.12,4,5,Standard,99.65,25,No,Yes,153,Yes,1217.98,No
NGB-00474,68,Standard,653.74,4,6,Enterprise,99.88,2,No,No,330,No,156474.05,No
NGB-00475,10,Standard,555.53,1,0,High,99.99,28,No,No,414,No,4026.1,No
NGB-00476,74,Standard,662.21,4,1,High,99.13,24,No,No,181,Yes,40553.21,No
NGB-00477,22,Standard,596.4,2,3,Standard,99.22,23,No,No,303,Yes,15499.23,Yes
NGB-00478,3,Flex,393.59,4,2,Enterprise,99.93,5,Yes,No,387,Yes,1777.16,Yes
NGB-00479,57,Flex,341.77,2,0,Enterprise,99.47,38,No,Yes,49,Yes,12793.19,No
NGB-00480,26,Standard,660.47,3,3,High,99.64,10,No,No,67,Yes,22374.77,No
NGB-00481,1,Flex,363.42,4,0,Standard,99.02,1,No,No,316,No,1308.63,Yes
NGB-00482,16,Term,916.85,3,1,High,99.41,36,No,Yes,35,Yes,9732.13,No
NGB-00483,65,Flex,351.32,5,3,Standard,99.85,16,No,Yes,284,Yes,17902.45,No
NGB-00484,83,Term,1260.92,2,5,High,99.64,23,Yes,Yes,157,Yes,180814.75,No
NGB-00485,25,Term,985.0,3,2,Standard,99.48,37,No,Yes,89,Yes,18468.28,No
NGB-00486,63,Term,977.98,6,3,Standard,98.74,7,Yes,No,460,Yes,27634.75,No
NGB-00487,88,Standard,564.82,4,3,High,98.93,11,No,No,165,No,41111.35,No
NGB-00488,46,Flex,473.71,2,2,Standard,99.89,34,No,No,489,Yes,42019.96,Yes
NGB-00489,77,Standard,611.97,3,1,High,99.68,36,No,No,360,Yes,17069.69,No
NGB-00490,82,Term,1029.68,1,4,Standard,99.64,36,Yes,No,208,Yes,86887.36,No
NGB-00491,71,Flex,408.98,3,4,Standard,99.91,5,No,No,304,Yes,35237.63,Yes
NGB-00492,5,Standard,543.41,2,3,Standard,99.67,13,No,No,20,Yes,3564.29,No
NGB-00493,23,Flex,401.58,4,2,High,99.15,24,Yes,No,160,Yes,4425.6,Yes
NGB-00494,1,Flex,477.68,4,3,High,99.61,5,Yes,No,205,Yes,160.66,Yes
NGB-00495,6,Standard,627.71,5,2,High,99.64,9,No,Yes,431,Yes,4220.69,No
NGB-00496,11,Standard,588.2,3,4,High,99.56,7,Yes,No,310,Yes,16417.54,No
NGB-00497,7,Term,817.04,2,4,High,99.67,4,No,No,54,Yes,2273.99,No
NGB-00498,25,Term,824.8,5,6,Standard,99.44,12,No,No,468,Yes,27584.35,No
NGB-00499,0,Flex,366.48,5,6,High,99.37,22,No,Yes,328,No,671.43,No
NGB-00500,39,Standard,573.19,3,8,Standard,99.46,9,No,No,432,Yes,28658.84,No
NGB-00501,84,Flex,414.71,5,4,Standard,99.86,31,No,No,133,No,27798.07,Yes
NGB-00502,12,Term,717.79,3,6,Standard,99.99,25,Yes,Yes,66,No,6933.12,No
NGB-00503,24,Term,917.28,4,1,High,99.51,27,No,Yes,372,No,40222.88,No
NGB-00504,53,Flex,490.32,2,5,Standard,99.81,29,No,Yes,404,No,20373.62,No
NGB-00505,52,Term,1254.6,3,2,High,99.71,3,Yes,Yes,38,No,30950.96,No
NGB-00506,60,Flex,397.49,5,3,Enterprise,99.99,18,No,No,98,No,16987.61,No
NGB-00507,44,Term,980.57,2,4,Standard,99.99,6,No,No,167,Yes,40672.57,No
NGB-00508,50,Term,671.45,5,0,Standard,99.54,14,Yes,Yes,449,Yes,47263.81,No
NGB-00509,3,Standard,615.05,4,5,Standard,99.34,39,No,No,240,No,2538.71,No
NGB-00510,39,Standard,466.79,4,4,Standard,98.69,24,Yes,No,120,No,14157.34,No
NGB-00511,87,Term,798.97,4,2,High,99.58,18,Yes,No,192,Yes,38574.58,No
NGB-00512,71,Standard,693.91,3,4,Enterprise,99.61,6,No,No,307,No,19198.18,Yes
NGB-00513,65,Flex,360.48,4,4,Enterprise,99.57,10,No,No,355,Yes,49007.73,Yes
NGB-00514,74,Term,988.94,3,6,High,99.61,37,Yes,No,399,No,69515.81,No
NGB-00515,47,Term,929.35,2,1,High,99.74,25,No,Yes,415,No,22919.72,No
NGB-00516,28,Flex,328.4,5,5,High,99.48,23,Yes,No,227,Yes,7363.52,Yes
NGB-00517,65,Standard,521.81,3,2,High,99.09,20,No,Yes,120,No,22629.58,Yes
NGB-00518,9,Standard,561.43,3,2,Standard,99.71,18,No,No,77,No,3820.72,No
NGB-00519,74,Standard,554.08,1,3,High,99.5,22,No,No,113,No,53255.98,No
NGB-00520,33,Standard,460.75,5,2,Enterprise,99.3,11,No,No,154,Yes,33242.27,No
NGB-00521,49,Term,863.75,3,1,Standard,99.99,5,Yes,Yes,353,Yes,66606.01,No
NGB-00522,65,Standard,679.37,3,3,High,99.58,15,No,No,169,No,25712.54,No
NGB-00523,81,Standard,614.46,1,3,Standard,99.29,20,No,Yes,296,Yes,35917.47,No
NGB-00524,2,Standard,614.83,4,2,Enterprise,99.7,16,No,No,92,Yes,453.23,No
NGB-00525,67,Term,784.98,8,5,Enterprise,99.99,33,No,Yes,342,Yes,67037.16,No
NGB-00526,36,Standard,763.16,6,4,Standard,99.73,1,No,No,440,Yes,33482.87,No
NGB-00527,90,Standard,559.58,3,2,High,99.32,22,No,No,200,Yes,32917.87,Yes
NGB-00528,74,Term,729.8,6,0,Enterprise,99.99,20,No,No,203,No,62045.24,No
NGB-00529,46,Term,692.36,1,4,Standard,99.73,36,No,Yes,325,Yes,43458.64,No
NGB-00530,52,Flex,398.53,7,3,Standard,99.7,35,Yes,No,296,No,23873.73,No
NGB-00531,57,Term,1099.69,3,4,Standard,99.22,38,No,Yes,481,Yes,43341.88,No
NGB-00532,83,Term,926.12,1,3,Standard,99.49,36,No,No,434,No,110264.18,No
NGB-00533,44,Term,1035.96,1,5,High,99.85,7,No,No,445,Yes,59739.29,Yes
NGB-00534,12,Term,914.94,5,3,Standard,99.82,19,No,No,496,Yes,12327.94,No
NGB-00535,73,Term,919.36,6,3,Standard,98.65,1,No,Yes,308,No,100005.36,No
NGB-00536,49,Flex,502.29,4,4,Standard,99.38,6,No,No,205,Yes,40172.84,No
NGB-00537,13,Standard,468.57,3,2,Standard,99.62,31,Yes,No,58,Yes,18767.96,Yes
NGB-00538,67,Term,867.76,2,1,Standard,98.95,5,Yes,No,478,Yes,63802.24,No
NGB-00539,89,Flex,336.15,3,2,High,98.85,19,No,No,476,No,32211.0,No
NGB-00540,40,Flex,415.31,3,3,High,99.91,28,No,No,104,Yes,8766.0,No
NGB-00541,44,Flex,289.95,1,3,Standard,99.5,16,Yes,No,329,Yes,17379.29,Yes
NGB-00542,43,Standard,647.36,2,6,Standard,99.37,39,No,Yes,108,Yes,25730.57,No
NGB-00543,61,Standard,659.43,4,3,Standard,99.4,8,No,No,290,No,41497.38,Yes
NGB-00544,47,Term,835.64,1,4,Standard,99.73,7,No,No,213,Yes,19517.07,No
NGB-00545,26,Flex,458.0,3,2,Standard,99.7,1,Yes,No,67,Yes,7815.1,Yes
NGB-00546,14,Flex,368.66,3,4,Standard,99.84,37,No,No,41,No,4116.45,Yes
NGB-00547,18,Standard,427.66,3,8,Standard,99.65,29,Yes,No,493,Yes,4350.46,No
NGB-00548,49,Flex,466.02,2,1,High,99.78,31,No,Yes,302,No,32098.81,No
NGB-00549,72,Flex,453.26,3,1,Standard,99.89,28,Yes,No,321,No,39393.35,Yes
NGB-00550,24,Flex,375.48,4,2,Standard,99.99,17,Yes,No,304,Yes,14143.2,Yes
NGB-00551,70,Standard,481.76,5,4,Standard,99.61,15,No,No,269,Yes,31924.29,No
NGB-00552,39,Flex,379.12,7,6,High,99.51,23,No,No,18,Yes,28642.19,Yes
NGB-00553,6,Flex,434.35,3,2,High,99.99,26,No,No,301,No,9470.82,Yes
NGB-00554,20,Term,715.0,5,4,Standard,99.15,30,No,No,33,Yes,13240.71,No
NGB-00555,14,Term,790.44,2,3,Standard,99.24,39,No,No,261,No,12337.17,No
NGB-00556,37,Standard,656.5,7,3,High,99.77,39,No,Yes,147,Yes,25069.27,No
NGB-00557,62,Flex,378.2,4,4,High,99.85,36,No,No,339,Yes,17209.56,Yes
NGB-00558,70,Standard,597.3,5,1,Standard,99.22,21,No,No,62,Yes,20163.54,No
NGB-00559,35,Standard,675.67,2,3,High,99.7,29,No,No,190,Yes,19541.28,No
NGB-00560,46,Term,658.32,1,1,Standard,99.43,23,Yes,Yes,75,Yes,42960.36,No
NGB-00561,1,Term,726.98,3,6,High,99.38,13,No,Yes,357,No,2403.15,No
NGB-00562,78,Term,894.5,3,4,Enterprise,99.55,32,No,Yes,476,Yes,52467.53,No
NGB-00563,19,Term,827.08,3,3,Standard,99.84,8,No,No,459,Yes,26411.69,No
NGB-00564,78,Standard,615.87,2,3,High,99.95,30,No,No,353,No,57274.68,Yes
NGB-00565,23,Flex,407.15,3,5,Enterprise,99.99,23,No,No,216,Yes,36111.91,No
NGB-00566,15,Standard,632.86,4,2,High,99.66,37,Yes,Yes,436,Yes,13111.28,No
NGB-00567,53,Standard,646.09,6,2,High,99.32,38,No,No,70,No,45177.09,No
NGB-00568,5,Term,878.96,3,6,Standard,99.44,16,No,No,444,Yes,4244.64,No
NGB-00569,28,Standard,617.34,2,1,High,99.46,10,No,No,402,Yes,25342.86,No
NGB-00570,28,Term,1059.07,3,2,Enterprise,99.03,35,No,Yes,115,Yes,18559.72,No
NGB-00571,44,Term,989.07,2,3,High,99.08,18,No,No,285,Yes,46205.9,No
NGB-00572,51,Term,923.02,3,4,Standard,98.57,39,Yes,Yes,183,No,45671.53,No
NGB-00573,67,Flex,554.35,5,2,High,99.32,12,No,No,285,No,48232.39,No
NGB-00574,30,Term,708.08,2,5,High,99.14,1,No,Yes,227,No,26683.63,Yes
NGB-00575,21,Term,732.0,5,5,Standard,99.6,20,Yes,No,194,No,16647.94,No
NGB-00576,4,Term,796.72,2,2,High,99.34,11,No,Yes,130,Yes,6420.69,Yes
NGB-00577,83,Flex,346.53,3,3,Standard,99.99,36,No,No,114,Yes,58353.16,No
NGB-00578,50,Standard,586.91,2,4,Standard,99.75,39,No,No,210,Yes,57077.62,No
NGB-00579,49,Flex,548.93,2,4,High,98.23,3,No,No,449,No,40310.02,Yes
NGB-00580,47,Flex,486.98,4,2,Standard,99.09,20,No,No,102,No,28589.83,No
NGB-00581,48,Term,783.71,3,2,Standard,99.37,13,No,No,4,Yes,57890.54,No
NGB-00582,70,Standard,553.43,5,3,Standard,99.3,19,No,Yes,255,No,45888.52,No
NGB-00583,64,Flex,401.13,7,2,High,99.33,3,No,No,26,Yes,41964.54,No
NGB-00584,24,Term,602.65,3,1,High,98.86,14,Yes,No,491,No,13113.03,No
NGB-00585,19,Standard,687.54,2,4,High,99.63,35,No,Yes,432,No,15801.6,Yes
NGB-00586,6,Standard,764.86,3,4,Standard,99.33,5,No,Yes,411,Yes,10349.63,No
NGB-00587,84,Flex,379.39,2,3,High,99.09,34,No,No,203,Yes,47769.77,No
NGB-00588,66,Flex,383.95,4,3,Standard,99.06,35,Yes,No,414,No,36816.27,No
NGB-00589,84,Flex,555.63,6,2,Standard,99.43,4,Yes,No,177,No,47659.16,Yes
NGB-00590,67,Standard,680.6,3,1,Enterprise,99.99,8,No,No,406,No,48445.73,No
NGB-00591,51,Term,1103.4,3,1,Standard,99.32,9,No,Yes,488,No,37213.4,No
NGB-00592,0,Standard,550.49,2,1,High,99.81,24,No,No,448,No,0.0,No
NGB-00593,79,Standard,526.05,6,4,Enterprise,99.92,33,No,No,90,Yes,47191.42,No
NGB-00594,37,Flex,367.71,6,0,Enterprise,99.27,18,No,No,415,Yes,17317.42,Yes
NGB-00595,15,Flex,355.29,4,2,High,99.56,4,No,Yes,378,Yes,3149.86,No
NGB-00596,24,Standard,498.67,6,3,High,99.04,33,No,Yes,480,Yes,25500.97,Yes
NGB-00597,45,Flex,388.88,2,2,Standard,98.56,37,No,No,346,Yes,14156.21,Yes
NGB-00598,95,Flex,358.69,4,2,High,99.52,13,No,No,116,Yes,18908.04,Yes
NGB-00599,41,Term,922.67,5,5,Standard,99.49,27,Yes,Yes,480,Yes,27400.63,No
NGB-00600,54,Flex,414.8,5,4,Standard,99.21,2,Yes,No,327,Yes,14004.94,Yes
NGB-00601,0,Term,974.19,5,2,High,99.97,26,Yes,Yes,170,Yes,0.0,No
NGB-00602,19,Standard,599.5,3,2,Standard,99.65,27,No,No,448,Yes,14540.55,No
NGB-00603,58,Flex,403.5,3,3,High,98.68,14,Yes,Yes,117,Yes,38900.24,No
NGB-00604,56,Term,838.04,3,2,Enterprise,99.27,3,No,Yes,441,No,42478.91,No
NGB-00605,68,Standard,617.11,2,4,High,99.54,2,No,No,57,Yes,13729.25,No
NGB-00606,16,Standard,573.85,7,3,Standard,99.74,5,No,No,157,Yes,5848.59,No
NGB-00607,6,Flex,379.93,4,2,Standard,99.65,27,No,No,429,Yes,3405.92,Yes
NGB-00608,58,Standard,689.07,5,9,Standard,99.62,34,No,No,18,No,23610.17,No
NGB-00609,95,Term,930.49,4,4,High,99.81,10,No,No,380,Yes,85004.84,No
NGB-00610,85,Term,875.05,2,6,High,98.88,7,No,Yes,447,Yes,41356.86,No
NGB-00611,62,Standard,594.1,3,2,High,99.42,38,Yes,No,95,No,35294.92,No
NGB-00612,52,Term,1032.23,3,3,Enterprise,99.16,16,Yes,Yes,339,Yes,46797.5,No
NGB-00613,12,Term,991.53,1,5,Enterprise,99.99,18,No,Yes,387,No,11665.02,No
NGB-00614,50,Flex,386.85,2,5,High,99.67,36,No,Yes,356,Yes,15336.53,No
NGB-00615,48,Flex,422.14,7,5,High,99.68,30,No,No,130,No,10030.77,Yes
NGB-00616,3,Term,853.23,3,2,High,99.75,13,Yes,No,166,No,2936.91,No
NGB-00617,85,Flex,489.75,2,3,Enterprise,99.43,20,No,No,451,Yes,38636.51,No
NGB-00618,60,Standard,606.04,8,1,Standard,99.13,19,No,Yes,31,Yes,54346.22,No
NGB-00619,41,Standard,536.79,4,2,Enterprise,99.49,30,No,No,197,Yes,23595.82,No
NGB-00620,6,Flex,354.02,1,3,Standard,99.68,13,No,Yes,292,No,1754.64,No
NGB-00621,32,Standard,669.35,4,5,High,99.99,27,No,No,103,No,18480.7,No
NGB-00622,55,Term,691.32,1,2,Enterprise,99.99,31,No,Yes,292,Yes,37880.38,No
NGB-00623,91,Standard,578.07,5,1,Standard,99.15,34,No,No,313,Yes,38669.13,No
NGB-00624,54,Term,720.8,4,5,Enterprise,99.75,12,Yes,Yes,42,No,39633.1,No
NGB-00625,32,Term,817.6,3,5,Standard,99.84,37,No,No,282,Yes,28805.1,No
NGB-00626,25,Flex,480.69,3,2,High,99.01,31,No,No,436,Yes,6207.73,Yes
NGB-00627,17,Standard,420.0,3,0,Enterprise,99.33,5,Yes,No,443,No,8953.25,No
NGB-00628,92,Standard,690.95,4,5,Enterprise,99.38,38,No,No,114,Yes,87038.2,No
NGB-00629,72,Flex,498.08,2,3,Standard,98.98,22,Yes,No,71,Yes,77572.77,Yes
NGB-00630,16,Flex,457.6,3,3,High,99.33,32,No,No,242,Yes,5055.29,Yes
NGB-00631,67,Standard,505.67,3,3,Standard,99.42,26,No,No,141,Yes,30304.87,No
NGB-00632,29,Standard,508.14,6,3,High,99.82,27,Yes,No,400,Yes,6282.92,No
NGB-00633,38,Standard,495.21,2,2,Standard,99.37,3,No,No,478,No,16638.41,No
NGB-00634,82,Standard,645.83,5,3,High,99.24,10,No,No,403,Yes,70435.51,No
NGB-00635,72,Term,903.18,3,1,High,99.3,39,No,Yes,92,No,59316.89,No
NGB-00636,92,Term,723.02,2,3,High,99.99,36,Yes,Yes,451,Yes,24505.16,No
NGB-00637,63,Standard,519.42,2,3,Standard,99.79,12,Yes,Yes,245,No,28583.39,No
NGB-00638,90,Flex,515.3,2,4,Standard,98.93,35,No,No,372,No,43374.57,Yes
NGB-00639,12,Standard,626.96,2,4,Enterprise,99.54,38,No,Yes,377,Yes,7449.56,Yes
NGB-00640,76,Standard,593.4,5,4,Standard,99.2,4,No,Yes,339,Yes,84665.77,No
NGB-00641,44,Flex,487.31,1,3,High,98.87,24,No,No,11,No,28411.74,No
NGB-00642,11,Flex,332.76,2,5,Standard,99.43,31,No,No,132,Yes,2347.65,No
NGB-00643,57,Standard,631.37,3,0,High,99.99,14,No,No,161,Yes,34995.5,No
NGB-00644,2,Term,848.28,2,3,High,99.68,35,Yes,No,168,Yes,2618.49,No
NGB-00645,55,Flex,311.96,6,5,Standard,99.33,22,No,Yes,301,No,20033.32,Yes
NGB-00646,37,Flex,352.63,2,1,Enterprise,99.87,26,No,No,375,Yes,12672.71,No
NGB-00647,86,Standard,729.44,4,2,Standard,99.76,38,No,No,410,Yes,69274.01,No
NGB-00648,72,Term,1028.04,3,3,Enterprise,99.35,1,Yes,Yes,381,Yes,60644.81,No
NGB-00649,62,Term,1010.53,2,2,Enterprise,99.99,10,No,No,306,Yes,28491.92,No
NGB-00650,96,Flex,451.43,4,0,Standard,99.05,38,No,No,199,No,45309.72,Yes
NGB-00651,46,Flex,417.95,5,4,Enterprise,99.99,37,Yes,No,449,Yes,21745.93,No
NGB-00652,81,Standard,711.46,2,2,Standard,99.73,38,Yes,No,387,Yes,102545.72,No
NGB-00653,43,Standard,606.0,6,3,High,99.57,32,No,No,439,Yes,28022.72,No
NGB-00654,86,Flex,426.51,3,5,High,99.36,2,No,No,476,No,30338.37,No
NGB-00655,68,Standard,785.68,2,2,Standard,98.7,24,No,No,120,Yes,112055.93,No
NGB-00656,38,Flex,464.39,6,4,High,99.16,5,No,No,347,Yes,16344.26,No
NGB-00657,16,Flex,347.39,4,4,High,99.49,25,No,No,499,Yes,4480.6,No
NGB-00658,26,Term,838.84,2,5,Standard,99.23,37,Yes,Yes,367,Yes,21882.16,No
NGB-00659,81,Standard,585.07,8,4,Standard,99.14,38,No,No,404,Yes,45596.81,No
NGB-00660,43,Flex,367.47,4,6,High,99.62,13,No,Yes,470,No,11693.15,Yes
NGB-00661,56,Standard,514.52,2,6,Standard,98.97,24,No,Yes,182,Yes,17598.52,No
NGB-00662,43,Term,887.74,3,3,Standard,99.47,16,Yes,Yes,435,No,38630.9,No
NGB-00663,25,Flex,305.16,4,1,Standard,99.07,16,No,No,381,Yes,2394.12,No
NGB-00664,58,Standard,501.85,4,2,High,99.04,1,No,No,72,Yes,25092.03,No
NGB-00665,19,Flex,531.56,5,0,Standard,99.99,39,No,No,491,Yes,9033.45,No
NGB-00666,3,Standard,652.3,4,2,Standard,99.04,19,No,No,292,Yes,508.71,No
NGB-00667,74,Term,1056.91,3,2,High,98.62,38,No,Yes,475,Yes,82994.6,No
NGB-00668,54,Term,1085.17,2,6,High,99.99,34,Yes,Yes,339,No,50125.52,No
NGB-00669,92,Standard,513.05,3,2,High,99.24,7,Yes,Yes,41,Yes,44051.41,Yes
NGB-00670,15,Term,933.39,5,3,Enterprise,99.09,7,Yes,Yes,388,Yes,16748.07,No
NGB-00671,1,Standard,641.82,2,2,Standard,99.81,31,No,No,259,No,0.0,No
NGB-00672,10,Standard,672.03,2,1,Standard,99.23,18,Yes,No,56,No,5650.02,No
NGB-00673,63,Standard,627.05,2,2,High,99.33,37,No,No,306,Yes,39606.8,Yes
NGB-00674,45,Standard,613.56,4,4,High,99.43,26,No,Yes,292,No,61681.48,No
NGB-00675,9,Flex,437.32,5,1,High,99.67,38,No,Yes,270,Yes,4752.23,No
NGB-00676,54,Standard,616.04,1,0,Enterprise,99.67,33,No,No,355,No,36114.43,No
NGB-00677,7,Flex,469.26,2,1,High,99.99,31,No,No,414,Yes,2207.38,Yes
NGB-00678,67,Flex,399.12,5,5,High,99.99,2,Yes,No,108,Yes,21842.36,Yes
NGB-00679,11,Standard,576.78,1,3,Standard,99.53,7,No,Yes,468,No,2968.8,No
NGB-00680,31,Flex,475.87,2,0,Standard,99.99,37,No,No,297,Yes,12266.37,No
NGB-00681,84,Standard,700.85,7,1,Standard,99.93,17,No,No,202,No,82016.72,No
NGB-00682,89,Standard,654.61,4,3,Standard,99.28,9,No,No,104,No,53965.89,No
NGB-00683,83,Standard,533.7,1,3,High,99.88,4,Yes,Yes,5,No,71247.59,No
NGB-00684,6,Standard,423.64,7,2,High,99.99,33,No,No,138,Yes,2784.94,No
NGB-00685,76,Standard,739.87,1,5,Standard,99.31,23,No,No,456,No,38071.63,No
NGB-00686,92,Term,1009.97,1,3,High,99.53,30,No,Yes,132,No,95608.65,No
NGB-00687,50,Standard,681.94,2,2,High,98.51,30,No,No,180,Yes,23527.52,Yes
NGB-00688,68,Term,1015.27,2,3,Standard,99.66,12,Yes,No,196,Yes,48878.4,No
NGB-00689,14,Standard,687.18,7,4,High,99.78,25,No,No,257,Yes,8803.37,No
NGB-00690,37,Standard,506.47,6,1,Enterprise,99.61,25,No,No,265,No,42444.04,No
NGB-00691,30,Term,857.88,2,4,Standard,99.68,1,Yes,Yes,411,No,38473.77,No
NGB-00692,77,Term,808.07,2,3,Standard,99.88,4,No,No,65,No,37744.22,No
NGB-00693,2,Term,1011.95,6,0,High,99.19,10,No,Yes,88,Yes,1831.36,No
NGB-00694,53,Standard,529.1,4,3,Standard,99.14,3,No,No,142,No,47149.3,No
NGB-00695,59,Term,1079.82,1,3,Standard,99.78,3,No,No,128,Yes,79074.86,No
NGB-00696,69,Term,805.05,4,3,High,99.73,22,No,Yes,63,No,54610.18,No
NGB-00697,14,Flex,338.85,2,2,Standard,99.3,26,Yes,No,419,Yes,1735.68,No
NGB-00698,7,Flex,449.26,3,2,High,99.63,27,No,No,333,Yes,0.0,Yes
NGB-00699,26,Flex,408.15,2,4,Standard,99.41,15,No,No,435,No,10039.91,No
NGB-00700,33,Flex,439.23,4,0,Standard,99.88,13,No,Yes,236,Yes,25539.08,No
NGB-00701,61,Term,792.34,5,2,High,99.77,8,No,Yes,46,Yes,89541.5,No
NGB-00702,31,Term,817.17,3,0,High,99.65,35,Yes,No,445,Yes,19760.23,No
NGB-00703,51,Flex,414.59,3,9,Enterprise,99.27,14,Yes,No,91,No,31544.63,Yes
NGB-00704,56,Standard,661.78,2,1,Standard,99.08,37,No,No,93,Yes,26060.67,No
NGB-00705,16,Flex,442.82,3,5,Standard,99.78,23,No,No,140,No,9961.53,Yes
NGB-00706,72,Standard,585.87,2,1,Standard,99.99,34,No,No,342,No,14343.44,No
NGB-00707,94,Standard,597.34,2,4,Standard,99.56,29,No,No,254,No,34351.39,No
NGB-00708,18,Term,638.42,5,4,Enterprise,99.04,38,Yes,No,30,Yes,6057.37,No
NGB-00709,78,Standard,714.53,2,4,Standard,99.99,25,Yes,No,327,Yes,27763.47,No
NGB-00710,72,Standard,616.96,2,4,High,99.99,25,No,No,486,Yes,49455.87,Yes
NGB-00711,71,Term,652.49,2,0,High,99.99,12,Yes,Yes,192,No,30731.12,No
NGB-00712,58,Term,681.89,5,2,Standard,99.38,8,No,Yes,39,No,25560.05,No
NGB-00713,90,Standard,627.34,1,1,Enterprise,99.35,17,No,No,304,Yes,53343.08,No
NGB-00714,65,Standard,686.14,1,0,High,99.3,16,No,No,263,Yes,25990.49,No
NGB-00715,60,Term,858.95,2,0,Standard,99.31,21,No,No,39,Yes,30299.97,No
NGB-00716,39,Flex,305.58,2,2,Enterprise,99.57,38,No,No,84,Yes,14438.9,No
NGB-00717,62,Term,811.64,6,3,Enterprise,99.43,37,No,Yes,234,No,61108.99,No
NGB-00718,17,Term,797.99,5,3,Enterprise,99.53,22,No,Yes,288,No,21522.66,No
NGB-00719,19,Flex,374.29,2,3,Enterprise,99.65,28,No,No,332,Yes,12138.23,No
NGB-00720,43,Flex,458.55,6,4,Enterprise,99.38,2,No,No,175,Yes,10641.96,Yes
NGB-00721,91,Term,854.56,4,4,High,98.96,29,Yes,No,109,Yes,77564.09,No
NGB-00722,30,Standard,532.53,5,4,Standard,99.08,39,No,No,203,Yes,30663.08,Yes
NGB-00723,26,Standard,631.99,1,4,High,99.47,21,No,No,448,No,24408.84,No
NGB-00724,42,Flex,529.19,3,4,Standard,99.56,13,Yes,No,118,Yes,14412.03,No
NGB-00725,21,Term,1078.84,4,1,Standard,98.9,22,Yes,No,245,Yes,29625.65,No
NGB-00726,63,Term,921.16,4,4,Standard,99.41,28,No,No,125,No,41270.25,No
NGB-00727,95,Standard,765.82,4,3,High,99.69,37,No,No,470,Yes,63916.63,No
NGB-00728,12,Standard,703.26,5,3,High,99.84,5,No,No,7,No,11040.29,No
NGB-00729,80,Standard,577.43,5,2,Standard,99.67,26,Yes,No,188,Yes,56980.73,No
NGB-00730,94,Standard,625.53,5,3,High,99.87,10,No,Yes,119,Yes,50832.19,No
NGB-00731,74,Flex,371.43,3,1,Standard,99.75,21,Yes,No,170,Yes,13176.25,No
NGB-00732,27,Standard,551.92,2,2,High,98.83,26,No,No,471,Yes,13303.8,No
NGB-00733,35,Term,875.38,2,2,High,99.41,31,Yes,No,74,Yes,30924.38,No
NGB-00734,87,Flex,459.09,4,2,Standard,99.76,36,Yes,No,248,Yes,14555.5,No
NGB-00735,63,Flex,454.57,3,6,Standard,99.1,6,No,No,426,Yes,25382.81,No
NGB-00736,45,Standard,599.17,4,6,Standard,99.77,5,No,Yes,257,Yes,19512.01,No
NGB-00737,48,Term,964.82,3,2,Standard,98.83,23,No,No,337,No,37626.84,No
NGB-00738,61,Standard,567.91,2,4,High,99.99,14,No,Yes,120,Yes,27808.99,No
NGB-00739,59,Standard,598.0,5,3,High,99.55,20,No,Yes,144,Yes,16250.83,No
NGB-00740,52,Standard,679.59,3,0,Standard,99.03,30,No,No,29,Yes,26188.92,No
NGB-00741,7,Flex,435.47,5,4,High,99.11,39,No,No,448,Yes,600.39,No
NGB-00742,73,Term,780.53,3,2,Enterprise,99.61,3,No,No,65,No,66264.15,No
NGB-00743,55,Term,882.74,4,3,High,99.35,11,No,Yes,5,Yes,26368.06,No
NGB-00744,20,Flex,509.94,4,1,High,99.99,23,Yes,No,284,Yes,11212.25,Yes
NGB-00745,38,Term,769.97,2,0,High,99.36,36,No,Yes,209,Yes,18469.52,No
NGB-00746,85,Standard,546.1,5,4,High,99.59,13,No,No,27,Yes,55632.21,No
NGB-00747,6,Term,626.4,4,3,Standard,99.99,5,Yes,No,494,Yes,6029.13,No
NGB-00748,34,Term,848.65,5,4,Standard,99.67,2,No,Yes,164,No,49514.35,No
NGB-00749,28,Term,876.6,4,2,Standard,99.32,32,No,Yes,174,No,58087.42,No
NGB-00750,42,Term,820.6,3,4,Standard,99.31,25,Yes,No,413,Yes,9892.12,No
NGB-00751,38,Standard,703.28,3,2,Standard,99.93,35,No,No,310,No,17521.7,No
NGB-00752,66,Term,1045.56,2,3,Standard,99.99,14,Yes,Yes,83,Yes,110237.37,No
NGB-00753,22,Term,895.94,3,2,Standard,99.22,26,Yes,No,271,Yes,11781.49,No
NGB-00754,21,Term,969.75,3,3,High,99.24,27,Yes,Yes,310,Yes,36852.92,No
NGB-00755,69,Flex,389.45,2,4,Standard,99.28,25,No,Yes,478,Yes,27412.08,No
NGB-00756,83,Standard,749.6,2,2,Standard,99.61,24,No,Yes,33,Yes,68700.61,No
NGB-00757,89,Flex,474.37,5,3,Enterprise,99.99,6,No,No,381,No,32898.37,Yes
NGB-00758,95,Standard,488.92,3,3,Standard,99.86,17,No,No,457,Yes,74053.9,No
NGB-00759,48,Flex,409.04,4,4,Standard,99.57,2,Yes,No,444,No,26135.59,Yes
NGB-00760,20,Standard,622.34,3,4,Standard,99.6,35,No,No,231,Yes,12678.58,No
NGB-00761,9,Standard,622.47,6,3,Standard,99.72,13,No,No,182,Yes,1797.79,No
NGB-00762,38,Standard,663.58,5,2,Enterprise,98.84,9,Yes,No,206,No,15327.8,No
NGB-00763,5,Standard,619.35,4,3,Enterprise,99.63,37,No,No,441,Yes,0.0,No
NGB-00764,88,Standard,602.79,2,2,Standard,99.99,39,No,No,151,No,78704.37,No
NGB-00765,32,Flex,511.71,4,3,Standard,99.23,2,No,No,36,Yes,27640.8,Yes
NGB-00766,85,Term,703.54,3,3,Enterprise,98.56,6,Yes,Yes,271,Yes,49156.66,No
NGB-00767,66,Standard,746.02,2,4,High,99.99,24,No,Yes,485,Yes,50457.74,No
NGB-00768,74,Flex,382.67,3,4,High,99.3,38,No,No,192,Yes,24878.51,No
NGB-00769,68,Term,1049.8,4,6,High,99.56,27,No,Yes,197,No,140307.51,No
NGB-00770,30,Standard,718.4,3,4,High,99.83,34,No,No,210,Yes,23807.16,No
NGB-00771,15,Standard,586.06,5,7,Standard,99.86,29,Yes,No,203,No,7197.9,No
NGB-00772,61,Standard,623.5,3,4,High,99.99,20,No,No,54,No,36971.04,No
NGB-00773,10,Standard,658.55,4,2,Enterprise,99.74,15,No,No,385,Yes,7813.47,No
NGB-00774,59,Flex,432.33,5,4,Enterprise,99.67,35,Yes,No,119,Yes,30883.87,No
NGB-00775,63,Flex,337.08,2,4,Enterprise,99.93,22,Yes,Yes,180,No,14316.13,No
NGB-00776,75,Flex,376.6,2,2,Standard,98.92,23,No,No,391,Yes,17908.51,Yes
NGB-00777,64,Standard,509.13,1,3,Enterprise,99.99,12,No,No,43,Yes,14475.06,No
NGB-00778,68,Flex,514.27,4,4,High,98.14,12,No,No,233,Yes,22898.7,No
NGB-00779,66,Flex,392.84,4,5,Standard,99.54,38,No,Yes,131,Yes,32894.55,No
NGB-00780,84,Standard,675.59,4,5,High,99.61,39,No,No,380,Yes,63995.42,No
NGB-00781,71,Standard,489.45,3,0,High,99.76,2,Yes,No,19,Yes,52606.07,No
NGB-00782,73,Flex,401.15,3,6,Enterprise,98.43,5,No,No,478,Yes,7546.19,Yes
NGB-00783,85,Standard,681.39,5,3,High,98.97,28,No,No,317,No,72252.72,No
NGB-00784,67,Term,950.69,4,3,Enterprise,99.77,14,Yes,Yes,92,Yes,53794.77,No
NGB-00785,50,Term,1115.42,1,2,Standard,99.99,39,Yes,No,313,Yes,54079.58,No
NGB-00786,40,Flex,476.32,6,5,High,99.33,30,No,No,464,No,17092.34,Yes
NGB-00787,45,Flex,372.4,6,4,High,99.31,16,No,Yes,300,Yes,16235.86,Yes
NGB-00788,20,Flex,418.75,1,3,High,99.34,8,Yes,No,313,No,7884.96,No
NGB-00789,41,Term,1048.1,4,3,Standard,99.94,10,No,No,128,No,63801.01,No
NGB-00790,13,Standard,577.6,2,5,High,99.99,23,No,No,338,Yes,11727.43,Yes
NGB-00791,86,Standard,527.49,4,1,Standard,99.5,4,No,No,25,No,26107.89,No
NGB-00792,7,Term,623.37,2,4,Standard,99.63,3,No,Yes,455,Yes,6413.25,No
NGB-00793,44,Standard,633.71,2,2,High,99.29,39,No,No,297,No,17893.26,No
NGB-00794,14,Flex,399.8,4,4,Standard,99.49,2,No,No,83,No,4381.59,No
NGB-00795,86,Term,726.05,5,6,High,99.67,9,No,No,216,No,64312.89,No
NGB-00796,27,Standard,625.01,6,3,Standard,99.87,25,No,No,249,Yes,22804.74,Yes
NGB-00797,39,Flex,438.91,2,1,High,99.19,5,No,No,62,No,10272.95,Yes
NGB-00798,84,Term,737.95,3,2,High,99.82,3,Yes,Yes,16,Yes,78165.29,No
NGB-00799,55,Term,910.7,3,4,High,99.1,3,No,No,219,No,52131.71,No
NGB-00800,26,Flex,457.87,2,6,High,98.57,38,No,No,327,Yes,18369.98,No
